TIME(Hrs),Hole (Nos),Depth (m),Spacing(m),Burden (m),Stemming(m), Decking(m),Total Drill (RMT),Explosive(kg),Volume(m3),Powder Factor(kg/m3),Av. CPH,MCPD (kg/D),PPV MON,Seis. Dist. (m),A.O.P (dBL)
5.04PM,69,11,3,3,3,1/1.5M,850,3875,6831,0.57,56.52,113,10.5,360,115.8
5.36PM,30,7.5,3.2,2.8,3,NIL,225,1050,2016,0.52,35,35,2.75,315,101.4
5.07PM,33,4.5,3,3,2.5,NIL,148.5,469.46,1336.5,0.35,14.22,28.44,1.45,410,131.1
5.06PM,30,"6,7",3.5,2.8,3,NIL,214,659,1969.8,0.33,21.66,43.33,0.992,465,118.3
5.07PM,21,"6,7",3.8,3,2.5,NIL,140,525,1603.98,0.32,25,50,5.12,290,140.5
1.28PM,34,15,4.2,3.2,3,2/1.5M,510,2800,6854.4,0.41,82.45,82.45,9.09,310,125.1
1.31PM,30,5.5,3.2,2.8,3,NIL,171,700,1568,0.45,23.33,23.33,6.86,400,116
1.30PM,44,"5,6",3,2.5,3,NIL,262,875,1965,0.44,19.88,39.77,1.44,480,111.6
1.26PM,35,15,3,3,3,2/1.5M,550,2750,4725,0.57,78.57,157.14,0.579,465,83.4
1.23PM,28,10,3.5,3,3,1/1.5M,280,1275,2940,0.47,45.53,45.53,0.659,485,81.4
1.30PM,39,6,3,3,2.5,NIL,234,1025,1944,0.52,26.28,52.56,3.31,302,119.9
1.31PM,36,"7,7.5",3.2,2.8,3,NIL,267,1350,2392.32,0.56,37.5,37.5,6.86,400,116
1.32PM,105,5,3.2,2.5,3,1/1M,889,4333.3,7965,0.54,41.26,82.54,0.945,470,119.1
1.39PM,30,15,4,3,3,2/1.5,450,2500,5400,0.46,83.33,83.33,1.91,370,122
1.25PM,20,6.5,3.5,2.8,3,NIL,130,600,1274,0.47,30,60,12.2,280,119.6
1.30PM,61,8,4,3,3,NIL,488,2400,5856,0.41,39.34,78.68,2.29,400,121.5
1.29PM,40,"7,8",3,3,3.5,NIL,300,1250,2610,0.47,31.25,62.5,2.16,380,112
1.26PM,70,"4.5,7",4,2.8,2.5,NIL,420,2000,4704,0.42,28.57,57.14,0.881,470,124.3
1.38PM,30,15,4,3,3,2/1.5M,450,2500,5400,0.46,83.33,83.33,0.635,480,120
1.23PM,35,"4,6",3,3,2.5,NIL ,175,575,1575,0.36,16.42,32.84,0.627,480,112.7
1.37PM,25,"5,6,7,9",3.2,3,3,1/1M,224.18,1080,2152.12,0.51,43.22,86.44,0.889,390,110
1.21PM,27,10,3.2,2.8,3,1/1M,270,1375,2419.2,0.57,50.9,101.8,2.14,370,122
1.34PM,30,6.5,3.2,2.8,3,NIL,195,975,1747.2,0.56,32.5,64.6,1.52,300,119
1.24PM,25,"6.5,8",3.2,2.8,3,NIL,183.75,825,1646.4,0.51,33,33,0.889,490,118
1.15PM,21,11.5,3.5,3,3,1/1.5,236.25,1250,2535.75,0.49,58.38,116.76,2.67,385,97.4
1.31PM,75,15,3,3,3,2/1M,1125,5885,10125,0.58,78.47,156.94,2.94,430,115.9
1.48PM,28,8,3.2,3,3,NIL,224,1300,2150.4,0.6,46.43,92.86,0.532,330,99.5
1.35PM,16,"12,13",3.2,3,3,1/1M,209,975,206.4,0.49,60.94,121.88,1.83,383,119.1
1.30PM,33,"9,13",4,3,3,2/1M,510,2250,4212,0.53,68.18,136.36,4.34,430,125.3
1.48PM,24,7.5,3.2,3,3,NIL,180,925,1728,0.54,38.54,77.08,1.15,410,123.3
1.44PM,32,15,3.1,3.5,3,2/1M,480,3075,5208,0.59,96.1,192.2,0.611,391,93.3
1.16PM,39,8.5,3.5,3,3,NIL,331,1750,3480,0.5,44.87,89.74,1.09,490,116.9
1.13PM,24,6,3,3,3,NIL,144,600,1296,0.46,25,50,1.61,350,124.2
1.17PM,58,7,4,3,3,NIL,406,2075,4872,0.42,35.77,71.55,1.6,460,125.2
1.43PM,30,15,3.5,3.2,3,2/1M,450,2650,5040,0.53,88.33,176.66,1.64,385,99.4
1.45PM,43,7.5,3.2,3,3,NIL,322,1700,3096,0.59,42.5,42.5,1.47,340,112.9
1.00PM,32,15,4.2,3.2,3,2/1.5M,480,2800,6451,0.43,87.5,87.5,4.39,410,78.7
1.13PM,48,"4,7",3.5,3,3,NIL,264,1000,2772,0.36,20.83,41.66,2.88,410,93.6
1.12PM,33,7,3,3,3,NIL,231,900,2079,0.43,27.27,27.27,1.55,380,90.1
1.24PM,32,8,3,3,3.5,NIL,256,1325,2304,0.57,41.4,41.4,5.2,310,99.4
1.25PM,40,6.5,3.2,2.8,3,NIL,250,1050,2329,0.45,26.25,52.5,4.5,320,97.8
1.26PM,22,15,3.5,3.2,3,2/1M,330,2125,3696,0.57,96.59,193.18,4.29,370,118.1
1.28PM,77,"6,8",3.2,2.8,3,NIL,566,2150,5071,0.42,27.92,27.92,4.91,380,107.5
1.39PM,54,15,3.5,3.2,3,2/1M,810,4625,9072,0.5,85.64,85.64,1.17,540,127.3
1.43PM,28,6,3.2,2.8,3,NIL,168,800,1505,0.53,28.6,28.6,1.4,340,100
1.43PM,37,7.5,3.2,3,3,NIL,277,1250,2664,0.47,33.8,33.8,1.4,340,100
1.18PM,30,10,3.5,3,3.5,1/1.5M,300,1350,3150,0.42,45,45,2.75,365,119.8
1.35PM,114,8,3.5,3,3,NIL,912,3625,9576,0.37,31.79,63.58,1.31,480,125.3
1.45PM,40,4,4,3,2.5,NIL,400,550,1920,0.28,13.75,13.75,0.635,230,114
1.45PM,21,6,3,2.5,3,NIL,126,350,945,0.37,16.67,33.34,4.32,410,118
1.20PM,65,6,3.5,3,3,NIL,390,1675,4095,0.4,25.76,51.92,0.754,440,120.7
1.48PM,35,"3,6",3.2,2.8,3,NIL,182,550,1631,0.34,15.7,31.4,3.81,295,119
1.22PM,34,"3.5,6",3,3,2.5,NIL,170,400,1530,0.26,11.42,11.42,2.07,360,119.1
1.28PM,37,15,4,3,3,2/1.5M,555,2800,6660,0.42,75.67,75.67,3.68,390,114
1.29PM,24,15,4,3,3,2/1.5M,360,1725,4320,0.39,71.87,71.87,4.83,290,114
1.36PM,22,6,3.2,2.8,3,NIL,132,500,1183,0.42,22.72,45.26,1.65,405,119
1.30PM,38,6,3.2,2.8,3,NIL,228,1000,2043,0.49,26.32,26.23,2.03,310,117
1.35PM,39,6,3.2,2.8,3,NIL,234,800,2097,0.4,20.5,42,2.67,280,112
1.30PM,39,"12,15",3.5,3.2,3,2/1M,556,2625,6227.2,0.42,67.31,134.62,0.611,450,106.3
1.25PM,22,13,4,3,3,2/1M,299,1500,3432,0.43,68.18,136.36,1.21,420,124.5
1.28PM,24,7.5,3,3,3,NIL,180,505.56,1620,0.31,21.06,42.12,0.532,432,112.4
1.22PM,42,15,4.2,3.2,3,2/1M,630,3625,8467,0.42,86.3,172.6,3.41,410,122.7
1.22PM,53,15,4.2,3.2,3,2/1M,795,4500,10684,0.42,84.9,169.81,3.41,420,122.7
1.14PM,19,10,3,3,3,1/1.5,190,825,1710,0.48,43.42,43.42,1.44,390,125.7
1.20PM,61,8.5,4,3,3,NIL,518.5,3125,61222,0.5,51.22,102.4,1.61,420,124.4
1.13PM,31,5.5,4,3,2.5,NIL,170,775,2046,0.37,25,50,1.4,390,117
1.14PM,14,4,3,2.5,2.5,NIL,56,100,420,0.24,7.14,7.14,0.889,330,100
1.12PM,20,"5,5.5",3,2.8,3,NIL,108,425,907.2,0.47,21.25,21.25,2.79,320,110
1.16PM,20,15,3.5,3.2,3,2/1M,300,1950,3360,0.58,97.5,97.5,1.55,480,129.8
1.23PM,24,5,3,3,3,NIL,120,400,1080,0.37,16.66,16.66,0.643,380,87.1
1.22PM,12,"3,4",3,3,2.5,NIL,42,100,378,0.26,8.33,8.33,1.91,340,110.5
1.21PM,27,9,3,3,3,1/1M,243,1000,2187,0.45,37.03,37.03,2.73,350,123
1.20PM,37,15,4.2,3.2,3,2/1M,555,3250,7500,0.43,87.83,175.67,0.88,340,117
1.27PM,40,15,3.5,3.2,3,2/1.5M,600,3300,6720,0.49,82.5,82.5,2.63,410,118.1
1.25PM,32,7,3.2,2.8,3,1/1M,240,1000,2150,0.47,31.25,31.25,0.754,390,87.7
1.26PM,50,"5,6",3.2,2.8,3,NIL,275,1350,2464,0.55,27,27,1.96,350,114.7
5.16PM,100,"3,5.5",3.5,2.8,2.8,NIL,485,1750,4704,0.37,17.5,35,9.33,80,118.9
1.30PM,34,4,3.3,2.6,2.5,NIL,136,425,1166.8,0.36,12.5,12.5,2.52,110,119
1.32PM,33,4,3.3,2.6,2.5,NIL,132,425,1132.5,0.37,12.8,12.8,4.06,110,124.7
1.25PM,35,5,3,3,3,NIL,175,700,1575,0.44,20,40,6.07,80,123.6
1.12PM,30,"4,5",3,3,2.8,NIL,150,500,1350,0.37,16.66,33.32,1.5,290,121.8
1.19PM,20,10,3,3,3,1/1.5M,200,850,1800,0.47,42.5,42.5,1.2,340,117.1
1.24PM,61,6,3.2,2.8,3,NIL,366,1525,3279.6,0.47,25,50,0.754,390,110.6
1.22PM,36,6,3.2,2.8,3,NIL,216,875,193.36,0.45,24.31,48.62,1.56,290,120
1.26PM,29,15,3.5,3,3,2/1.2M,435,2300,4567.5,0.5,79.31,158.63,3.41,310,124
1.45PM,73,"5,6",4,3,2.5,NIL,423,2025,5080,0.39,27.73,55.47,0.849,490,120.2
1.12PM,61,"6,7",3,3,3,NIL,405,2000,3645,0.54,32.78,65.57,2.71,390,90.1
1.24PM,36,"3.5,5.5",3.3,2.6,2.8,NIL,162,450,1390,0.32,12.5,12.5,1.32,410,119
1.15PM,36,15,3.5,3.2,3,2/1.5,540,3000,6048,0.49,83.33,83.33,9.42,330,118.4
1.46PM,34,"5,5.5",4,3,2.8,NIL,180.2,700,2162.4,0.32,20.58,41.17,0.579,420,133.1
1.30PM,53,"9,11",3,2.8,3,1/1.5M,480.5,2275,4032,0.56,42.92,85.84,0.849,390,138.5
1.21PM,35,"4.5,5",3,3,2.8,NIL,175,575,1575,0.36,16.42,16.42,1.18,280,129.6
1.15PM,27,7,3,3,3,NIL,189,1000,1701,0.58,37.03,37.03,1.94,340,123.7
1.36PM,22,15,4,3,3,2/1M,327,1750,3960,0.44,79.54,159,2.16,360,121
1.47PM,22,15,3.5,3.2,3,2/1.5,330,1800,3696,0.49,81.82,163.64,0.762,380,110
1.40PM,42,"6,7",3.2,2.8,3,NIL,261,1150,2338,0.49,27.38,54.76,4.83,391,123
1.48PM,30,"5,6",3.2,2.8,3,NIL,180,675,1612.8,0.42,22.5,45,1.91,395,117
1.33PM,28,10,4,3,3,2/1M,280,1325,3360,0.39,47.32,94.64,2.92,370,112
1.10PM,26,7,3,3,3,NIL,182,875,1638,0.53,33.65,67.3,1.2,380,123
1.13PM,30,"3,4.5",3,3,2.5,NIL,120,400,1080,0.37,13.33,26.66,0.91,280,119.8
1.20PM,32,"6,7",3.2,2.8,3,NIL,205,875,1843,0.48,27,54,NA,NA,NA
1.18PM,31,4,3.2,2.8,2.5,NIL,124,425,1111.04,0.4,13.71,27.42,1.27,230,114
1.29PM,26,15,3.5,3.2,3,2/1.5M,390,2300,4368,0.53,88.46,176.92,1.52,320,121
1.18PM,36,"7,9",3.2,2.8,3,1/1M,316,1550,2831.4,0.55,43.06,86.12,1.14,390,100
1.24PM,22,"11,11.5",3.8,3,3,1/1.5M,248.81,1450,2843,0.51,65.9,131.81,1.4,360,122
1.23PM,40,"6,7",3.2,2.8,3,NIL,280,1425,2508.8,0.57,35.62,71.24,1.78,370,110
1.36PM,41,15,3.5,3.2,3,2/1.5M,615,3550,6888,0.52,86.59,86.59,1.65,410,123
1.16PM,24,7,3,3,3,NIL,168,800,1512,0.52,33.36,33.36,1.39,380,124.1
1.15PM,30,7,3,3,3,NIL,210,1000,1890,0.52,33.36,33.36,2.8,340,117
1.10PM,19,12,3.5,3,3,2/1M,216,1125,2268,0.49,59.21,118.4,1.02,380,116
1.32PM,67,"4,5.5",3,3,2.5,NIL,335,783,3015,0.25,11.68,23.37,0.759,230,112.8
1.34PM,24,5,3,3,2.5,NIL,120,525,1440,0.36,21.8,21.8,NA,NA,NA
1.21PM,33,6,3.2,2.8,3,NIL,198,750,1774,0.42,22.73,45.56,2.92,310,112
1.23PM,26,15,3.5,3.2,3,2/1.5M,390,2000,4368,0.46,76.92,153.84,1.91,370,123
1.21PM,30,15,4,3,3,2/1M,450,2350,5400,0.43,78.33,156.66,3.5,280,119
1.14PM,38,15,4,3,3,2/1M,570,3375,6840,0.49,88.81,177.63,0.889,380,100
1.07PM,31,4.5,3,3,2.5,NIL,142,550,1278,0.43,17.74,35.48,2.9,380,110
1.10PM,25,"5.5,9",3.5,3,3,NIL,157,525,1648.5,0.31,21,42,1.42,380,85.1
1.03PM,24,6,3.5,3,3,NIL,144,675,1512,0.44,28.12,28.12,1.28,370,113.8
1.53PM,31,"7,11",3.5,3,3,1/1.5M,259,1325,2719.5,0.48,42.74,85.48,2.28,365,83.4
1.09PM,51,"5,8",3.2,2.8,3,NIL,368,1300,3297.3,0.4,25.5,51,1.39,410,125.7
1.08PM,105,"5.5,8.5",4,3,3,NIL,840,4375,1080,0.43,41.66,83.33,1.64,400,123.7
1.10PM,25,4,3,3,2.5,NIL,100,375,900,0.41,15,30,1.39,370,120.4
1.07PM,27,7,3,3,3,NIL,189,900,1701,0.52,33.33,33.33,1.93,365,125.1
1.07PM,30,7,3,3,3,NIL,210,1000,1890,0.52,33.33,33.33,1.93,365,125.1
1.27PM,21,15,4,3,3,2/1M,315,1825,3780,0.48,86.9,173.8,0.0397,280,127.5
1.11PM,32,8,3.2,2.8,3,NIL,336,1550,3010.6,0.51,36.9,36.9,3.05,250,100
1.00PM,45,"3.5,7",4,3,3,NIL,258,1300,3102,0.41,37.53,75.06,10.8,200,129
1.18PM,40,15,4,3,3,2/1M,600,3200,7200,0.44,80,160,4.83,370,110
1.04PM,21,"4,4.5",3,3,2.5,NIL,88.2,350,793.8,0.44,16.66,16.6,3.05,280,123
1.25PM,9,9,3.2,2.8,3,NIL,81,200,725.76,0.3,22.22,22.22,NA,NA,NA
1.20PM,41,"5,6",3.8,2.8,3,NIL,225.5,1000,2400,0.41,24.39,48.78,2.26,430,96.6
1.15PM,40,"4,6",3.4,2.7,2.8,NIL,179.9,675,1652,0.4,16.47,33.75,1.18,350,113.9
1.30PM,20,3,3,2.5,2,NIL,60,225,450,0.5,11.25,22.5,0.88,370,100
1.05PM,24,7,3,3,3,NIL,160,800,1512,0.52,33.33,33.33,4.33,320,126.5
1.10PM,27,7,3,3,3,NIL,210,825,1890,0.43,30.55,30.55,1.21,380,106
1.40PM,19,15,3.5,3,3,2/1M,285,1700,2992,0.56,83.44,178.9,2.03,380,110
2.00PM,31,15,4.3,3.5,3,2/1M,465,2925,6998.25,0.36,94.35,94.35,4.77,398,137.8
1.59PM,29,15,3.5,3.1,3,2/1M,435,3025,4585,0.65,104.3,208.6,2.1,450,131
5.43PM,30,03-May,2.5,2.5,3,NIL,135.6,355.56,847.5,0.41,11.8,23.7,4.85,316,114.5
5.45PM,60,5.5-9,3.2,3,3,NIL,460,2200,4424,0.5,36.6,73.2,1.9,590,118.5
5.46PM,25,4,3,2.5,2.5,NIL,100,350,750,0.47,14,28,0.516,570,124.1
1.30PM,28,7,3,3,3,NIL,196,1000,1764,0.56,35.71,71.42,6.93,268,121.2
1.30PM,34,"4.5,5",3,2.6,3,NIL,164.9,425,1286.2,0.33,12.5,12.5,,,
1.50PM,23,6,3,2.5,3,NIL,138,575,1035,0.55,25,50,0.897,615,107.6
1.13PM,36,"6,7",3,3,3,NIL,233,1075,2097,0.51,29.86,29.86,6.41,373,119.7
5.15PM,30,"6.5,7",4,3,3,NIL,193,925,2316,0.39,30.83,61.66,3.5,300,120.5
1.34PM,19,"5,7",3,2.5,3,NIL,114,516.68,867,0.59,27.19,54.38,8.34,360,118.3
1.15PM,22,15,4,3,3,2/1M,330,1825,3960,0.46,82.95,82.95,6.66,162,119.2
1.09PM,56,"6,9.5",3,2.5,3,1/1M,493.5,1975,3296.25,0.59,35.26,70.53,5.09,530,121.7
1.15PM,23,"6,7,9,10",3,2.5,3,1/1M,206,1025,1545,0.66,44.56,89.12,0.706,606,86.5
1.20PM,52,"6,7,7.5",3.2,2.8,3,NIL,360,1625,3232.1,0.5,31.25,31.25,0.897,522,116.5
1.17PM,36,"4,4.8",3.5,3,3,NIL,157.9,525,1658,0.31,14.58,29.16,4.52,311,126.7
1.15PM,34,"14,15",3.5,3,3,2/1.5,493,2700,5145,0.52,79.4,158.8,,,
1.22PM,37,"13,14.5",4.2,3.2,3,1/1.5,531.6,3536.12,7144.7,0.49,95.57,191.14,2.96,482,135.4
1.49PM,23,15,3.2,3,3,2/1M,345,2000,3312,0.6,86.96,86.96,0.722,584,127.8
1.35PM,58,"2,7.7",3.5,2.8,3,NIL,209.4,702.78,2052.12,0.34,12.11,24.23,0.722,380,116.9
2.00PM,35,"4,5.4",3.5,2.8,3,NIL,164.2,722.24,1609.16,0.44,20.63,41.27,0.691,496,126.1
5.24PM,72,"3.5,6,7.5,13",3.2,2.8,3,2/1M,663,3025,5940.5,0.51,42.01,84.02,1.8,562,122.1
5.21PM,61,15,3.5,3.1,3,2/1M,915,4925,9928,0.5,80.74,80.74,0.055,524,120.2
1.15PM,55,15,3,3,3,2/1M,825,4600,7425,0.61,83.63,167.27,5.47,644,126.1
1.17PM,26,"3,4",3,3,"2.5, 3",NIL,106,191.82,954,0.2,7.37,7.37,2.29,251,111.5
1.30PM,37,"5,6",3,3,3,NIL,214.8,1000,1933.2,0.52,27.03,24.06,4.18,679,120.6
1.30PM,10,"12,14",4,3.5,3,2/1M,138,850,1932,0.44,85,117,4.18,679,120.6
1.25PM,60,"11,12",3,3,3,2/1M,690,3600,6210,0.57,60,120,1.23,578,104.9
1.28PM,25,3.5,3,2.5,3,NIL,87.5,125,656.25,0.19,5.56,11.12,1.79,584,86.5
1.29PM,56,15,4.2,3.2,3,2/1M,840,5116,11289,0.45,91.36,182.73,13.6,521,135.4
1.23PM,39,"5.5,6",3,3,3,NIL,217,950,1953,0.48,24.35,24.35,4.14,426,118.6
1.35PM,40,"4,5",2.5,2.5,"2.5,3",NIL,180,500,1125,0.44,12.5,25,1.42,546,120.4
1.36PM,26,6,3,3,3,NIL,156,686.12,1404.48,0.48,26.38,26.38,0.643,520,118.6
1.40PM,32,"6,7.5",2.5,2.5,3,NIL,215.16,850,1344.75,0.63,26.56,26.56,1.14,486,111.6
1.42PM,62,"2.5,5.5",3.5,2.8,2,NIL,250.2,1005,2451.96,0.41,16.21,32.43,,,
1.25PM,99,6,3,3,3,NIL,594,2525,5346,0.47,25.5,51,0.913,730,114
1.30PM,35,"12,15",4.2,3.2,3,2/1M,472,3025,6350,0.47,86.42,172.85,,,
1.13PM,43,"5,6,7",3.2,2.8,3,NIL,291.54,1200,2612.2,0.46,27.9,27.9,0.627,490,108
1.20PM,30,6,3,3,3,NIL,180,750,1620,0.46,25,25,,340,
1.56PM,30,"5,6",3,2.5,3,NIL,170,533.76,1275,0.41,17.79,17.79,1.17,470,115.8
5.21PM,94,15,4,3.2,3,2/1M,1410,8200,18048,0.45,87.23,174.46,8.37,300,140.5
5.15PM,53,"6,8",4,3,3,NIL,388,1950,4656,0.41,36.79,73.58,5.23,280,126.3
1.14PM,30,"8,9.5",3,3,3,NIL,267,1375,2403,0.57,45.83,45.83,2.06,310,112.8
1.49PM,18,10.5,3,3,3,1/1M,189,975,1701,0.57,54.21,108.42,0.722,480,85.5
1.17PM,42,"8.5,6.5",3,3,3.5,NIL,421,2050,3182,0.64,48.8,97.6,4.48,280,123.4
1.50PM,24,"12,13",3.5,3,3,2/1M,309,1800,3244.5,0.55,75,150,1.15,365,115.4
1.20PM,18,3,3,2.5,2.5,NIL,54,75,405,0.31,7,7,0.516,330,116.4
1.20PM,28,3,3,2.5,2.5,NIL,78,150,585,0.26,5.8,5.8,0.516,305,116.4
1.55PM,59,"14,15",3.5,3,3,3/1M,873.17,5025,9168.28,0.54,85.16,85.16,1.26,270,115
1.50PM,54,15,4.2,3.2,3,2/1M,810,6000,10886.4,0.55,111.11,122.22,3.45,340,122
1.20PM,45,"11,12,13",3,2.8,3,1/1.5M,,2575,4650,0.55,57.22,114.44,,,
1.10PM,28,12,3.5,3,3,2/1M,432,3528,3528,0.49,62.5,125,1.23,390,126
1.10PM,34,"5,6",3,3,3,NIL,156,666,1404,0.47,19.6,19.6,2.04,255,125
1.19PM,94,6,3,3,3,NIL,564,2450,5076,0.48,26.06,26.06,1.02,410,114.7
1.48PM,32,"7,8,9,10",3.5,3,3,1/1M,297.6,1800,3124.8,0.57,56.25,112.5,0.669,365,117.1
1.22PM,30,15,3.5,3.2,3,2/1M,450,2775,5040,0.55,92.5,92.5,0.992,420,127.7
1.40PM,51,15,3.5,3.2,3,2/1M,765,4700,8568,0.55,92.16,92.16,0.135,460,130.9
1.33PM,44,"5,6",3.2,2.8,3,NIL,174,800,1559,0.56,18.18,36.36,0.135,460,130.9
1.20PM,22,13,3,3,3.5,2/1M,286,1150,2574,0.44,52.27,104.54,,,
1.38 PM,30,"8,10",3,3,3.3,1/1M,274,1069,2466,0.43,42.66,85.32,0.699,370,84.3
1.28PM,23,"4,5",3,3,3,NIL,108,325,972,0.33,14.13,14.13,0.818,295,93.6
1.33PM,30,12,4.2,3.2,3,2/1.2M,360,1650,4838.4,0.34,55,110,2.18,370,90.9
1.30PM,28,"2,6",3,2.5,1.8,NIL,111.5,341.68,836.25,0.41,12.2,24.4,0.738,290,109.9
1.15PM,68,"6,8,9",3.2,3,3,NIL,532,2150,5107.2,0.42,31.61,55.61,0.738,430,131.4
1.11PM,63,"7,8",3.8,3,3,NIL,471,1775,5369,0.33,28.17,56.34,1.14,360,124.4
1.13PM,29,"11,13",4.2,3.2,3,1/1.5M,316,1650,4247,0.38,56.89,56.89,1.15,270,126.1
1.13PM,41,"12,13",4,3.5,3,1/1.2M,517,3000,7238,0.41,73.17,146.34,1.15,365,126.1
1.09PM,31,5,3,3,2.5,NIL,155,575,1395,0.41,18.54,18.54,2.29,265,110.2
1.11PM,34,8,3,3,3,NIL,272,1408.32,2448,0.57,41.42,41.42,1.9,270,113.2
1.29PM,63,6.5,3.2,2.8,3,NIL,409.5,1725,3669.12,0.47,27.38,27.38,0.714,415,125
1.16PM,28,12,4.2,3.2,3,1/1M,336,2250,4515.84,0.49,80.35,160.71,0.714,434,126.2
1.10PM,34,5,3,3,3,NIL,170,567.12,1530,0.37,16.68,33.36,0.945,278,115
1.8PM,20,7,3,3,3,NIL,140,667.2,1260,0.52,33.36,66.72,0.706,285,113.1
1.46PM,30,10,3.5,3,3,1/1M,300,1600,3150,0.51,53.33,53.33,2.15,315,119.6
1.45PM,49,"5,5.5",3.2,2.8,3,NIL,408,1200,2634.24,0.45,24.49,24.49,1.26,385,112.2
1.42PM,34,6,3,3,3,NIL,204,950,1836,0.51,27.94,27.94,2.06,235,106
1.15PM,34,"5,6",3,3,3,NIL,182,658.32,1638,0.41,19.36,19.36,1.55,310,113.7
1.22PM,33,"6,7",3.5,2.8,3,NIL,469.5,950,2263,0.41,28.78,28.78,0.897,260,94.1
1.44PM,53,12,3,3,3,2/1M,636,3050,5724,0.53,57.54,115.09,2.36,287,112.6
1.10 PM,31,6,3.5,3,3,NIL,180,775,1890,0.41,25,50,1.65,430,114
1.17 PM,73,"8,8.5",4,3,3,NIL,598.6,3750,7183,0.52,51.36,102.73,1.9,370,101.7
1.13 PM,36,"4,4.5",3.4,2.7,2.5,NIL,151,500,1388.01,0.39,13.88,13.88,1.26,410,120.1
1.12 PM,36,4,3,3,2.5,NIL,144,625,1296,0.48,17.36,17.36,2.04,250,97.4
1.14 PM,34,5,3,3,2.5,NIL,170,750,1530,0.49,22.05,22.05,4.48,310,122
1.03 PM,24,7,3,3,3,NIL,168,800,1512,0.52,33.33,33.33,4.48,310,122
1.25PM,58,"4,5.7",3,3,3,NIL,356,1850,3115,0.59,31.89,63.79,2.75,390,107.6
1.30PM,33,15,3.5,3.2,3,2/1m,495,3350,5544,0.6,101.5,203,3.56,380,110
1.13PM,40,6,3.2,2.8,3,NILL,240,900,2150.4,0.42,22.5,45,3.56,350,110
1.26PM,50,10,3.5,3,3,1/1m,500,2250,5250,0.42,45.1,90.2,1.47,510,107.8
1.26 PM,30,14-15,4,3,3,2/1m,188.5,1125,2262,0.49,85.53,173.07,1.52,310,117
1.07PM,21,4,3,3,2.5,NILL,84,300,756,0.39,14.28,28.56,1.09,400,113.8
1.25PM,15,6,3.2,2.8,3,NILL,90,375,806.4,0.47,25,50,0.88,390,126.4
1.04PM,11,4,3,3,2.5,NILL,44,175,396,0.44,15.9,15.9,1.45,340,120.6
1.06PM,31,7,3,3,3,NILL,217,1075,1953,0.55,34.67,34.67,1.45,330,120.6
1.28PM,51,"7,8",3.2,2.8,3,NILL,382.48,1725,3427,0.5,33.8,67.6,1.8,220,101.7
1.10PM,28,"7.5,8",4,3,3,NILL,215.6,1275,2587.2,0.41,45.53,91.01,1.39,430,117.6
1.10PM,87,"3,5",3.5,2.7,2.5,NILL,348,1100,3288.6,0.33,12.64,25.28,1.39,450,117.6
1.20PM,25,15,3.5,3,3,"2/1,1.5m",375,1750,3937.5,0.44,70,140,0.76,390,100
1.24PM,30,12,3.2,2.8,3,1/1m,360,1950,3225.6,0.6,65,130,2.16,365,123
1.20PM,63,3.5,2.8,2.6,2.5,NILL,220.5,350,1605.24,0.22,5.56,11.12,2.29,370,121
1.08PM,25,7,3,3,3,NILL,210,900,4575,0.57,36,36,3.29,310,120.9
1.08PM,30,4.5,3,3,2.5,NILL,120,425,1080,0.39,14.16,28.32,4.36,250,120.24
1.14PM,71,"15,6",3,3,3,2/1m,714,3750,6426,0.58,52.81,105.62,1.6,470,127.9
1.09PM,15,8,3.5,3,3,NILL,136,625,1260,0.49,41.66,83.4,1.02,320,123
1.13PM,28,4,3,3,3,NILL,112,350,954,0.36,12.5,25,1.9,340,118.9
1.15PM,40,"8,10",3,3,3,1/1m,370,2000,3330,0.6,50,100,1.1,410,120
1.21PM,26,"6,11",3.2,2.8,3,1/1m,233.5,1150,2092.16,0.55,44.23,44.23,1.52,420,110
1.16PM,8,15,3.5,3,3,"2/1,1.5m",300,650,1260,0.51,81.25,162.5,1.02,350,123
1.01PM,24,7,3,3,3,NILL,168,800,1512,0.52,33.33,33.33,1.7,420,92.7
1.24PM,36,8,4,3,3,NILL,288,1325,2456,0.38,36.8,73.11,1.4,370,116
1.37PM,65,"7,7.5,8",3,3,3,NILL,496,2675,4469,0.59,41.15,82.3,1.02,245,121
1.55PM,15,5,3,3,3,NILL,75,150,675,0.22,10,20,0.63,384,129
1.50PM,30,"9,10,11",3.2,2.8,3,1/1m,300,1750,2688,0.65,58.33,58.33,1.91,370,112
1.39PM,70,15,3.5,3.2,2.5,2/1m,1050,6150,11760,0.52,87.86,87.86,3.18,380,116
1.38PM,26,4.5,3,3,2.5,NILL,117,325,1053,0.3,12.5,25,2.16,290,112
1.10PM,37,8,3,3,3.5,NILL,296,1450,2664,0.54,38.92,77.84,0.7,510,117.5
1.03PM,20,5,3,3,3.5,NILL,100,350,900,0.38,17.5,17.5,0.8,370,117.2
1.21PM,48,11,4,3,3,1/1m,528,3000,6336,0.47,62.5,125,1.65,360,112
1.13PM,28,10,3.5,3,3,1/1m,280,1425,2940,0.48,50.89,101.78,2.41,360,123
5.12PM,32,9,3.5,3,3.5,NILL,297,1525,3024,0.5,47.65,95.31,1.4,360,110
5.18PM,40,6,3.2,2.8,3,NILL,240,1125,2150.4,0.52,28.13,28.13,1.27,340,128
5.21PM,20,6,3.5,3,3,NILL,120,500,1260,0.39,25,25,5.36,280,119.5
5.03PM,31,7,3.5,3,3,NILL,217,1100,2278,0.48,35.48,35.48,5.36,310,119.5
5.05PM,52,3.5,3,3,2,NILL,182,515,1638,0.35,11.05,22.1,0.67,400,113.7
1.03PM,75,"12,13",2.8,3,3,2/1m,926,4600,7778.4,0.59,61.33,122.66,1.96,540,119.7
1.33PM,77,11 to 15,3.5,3,3,2/1m,1095,4125,11497.5,0.36,53.57,53.57,0.77,490,129.4
1.14PM,43,"9,10,11",3,3,3,1/1.5m,460,125,4140,0.51,49.41,98.83,0.516,550,112.9
1.12PM,45,4,3,3,2.5,NILL,180,500,1620,0.3,11.11,22.22,1.82,450,85.8
1.20PM,17,5.5,2.5,3,2.5,NILL,93.5,425,981.75,0.43,25,30,NA,380, NA
1.59PM,280,12,4,3,3,1/1m,3360,19000,40320,0.47,67.85,135.7,4.6,740,99.8
1.19PM,37,4.5,3.5,3,2.5,NILL,173.9,500,1748,0.28,13.51,27.02,3.83,280,118.2
1.20PM,38,4.5,3.5,3,3,NILL,171,500,1795,0.27,13.15,26.31,1.94,240,130.2
1.06PM,37,5.5,3,3,2.5,NILL,203,875,1831.5,0.47,23.64,47.29,NA,480,NA
1.07PM,45,8,3,3,3,NILL,360,2000,3240,0.61,44.44,88.88,1.52,390,90.9
1.10PM,170,"7,9,10",3.5,3,3,1/1m,1482,8552.76,15561,0.55,50.31,50.31,1.56,450,124.9
1.10PM,97,6,3.2,2.8,3,NILL,582,2150,5214.72,0.41,22.16,44.32,1.28,380,103.9
1.13PM,60,9,3.5,3,3,NILL,360,2425,5670,0.42,40.41,80.83,3.87,410,124.2
1.14PM,36,8,3.5,3,3,NILL,288,1500,3024,0.49,41.66,41.44,9.39,220,125.4
1.16PM,25,8,3.5,3,3,NILL,200,825,2100,0.39,33,33,9.09,210,119.8
1.16PM,40,4.5,3,3,2.5,NILL,180,500,1620,0.3,12.5,12.5,14.8,220,119.7
1.13PM,42,3.5-5,3,3,2.5,NILL,176.6,300,1323,0.15,7.14,14.28,3.6,250,`123.7
1.10PM,40,4,3,3,2.5,NILL,160,625,1400,0.43,15.62,31.25,7.85,260,130.8
1.03PM,28,4.5-5.5,3.3,2.8,2.5,NILL,140,625,1293.6,0.48,22.32,22.32,3.36,310,120.1
5.26PM,62,"10,11,12,13",3.2,3,3,1/1m,785,5275,7536,0.68,83.47,83.47,1.14,370,121.2
1.02PM,49,"5,6,7",3,3,3,NILL,295,1075,2655,0.4,21.93,43.87,1.9,390,115.6
1.10PM,44,15,4.3,3.2,3,2/1m,660,4125,9081.6,0.45,93.74,187.5,2.23,430,115.9
1.12PM,43,5,3,3,2.5,NILL,215,875,1935,0.45,20.34,20.34,2.36,360,99.2
1.13PM,36,15,3.5,3,3,2/1m,540,3500,5670,0.62,97.22,97.22,0.929,440,114.9
1.33PM,75,8,3.2,2.8,3,NILL,600,2400,5376,0.45,32,32,3.5,360,120
1.13PM,9,8,1.25,1,2.5,NILL,72,100,90,1.11,11.11,22.22,3.15,400,120
1.22PM,36,15,3,3,3,2/1m,540,3000,4860,0.61,83.4,166.8,1.87,390,87.7
1.18PM,33,6,3,3,3,NILL,198,450,1782,0.25,13.64,27.28,2.58,380,127.2
1.17PM,40,5.5-6,3.3,2.7,2.5,NILL,232,900,2067.12,0.43,22.5,22.5,1.15,350,94.4
1.18PM,33,15,4,3.5,3,2/1m,495,2545,6930,0.36,77.12,145.24,2.83,370,107.3
1.34PM,68,"12,13,14",3.5,3,3,2/1m,894,5100,9387,0.54,75,150,12.3,200,122.9
1.17PM,72,5.5,3,2.8,3,NILL,396,1375,3326.4,0.41,19.09,38.18,5.56,280,116.2
1.46PM,5,8,2.5,2,3,NILL,40,75,200,0.38,15,30,NA,325,NA
1.15PM,27,8,3,3,3,NILL,216,1150,1944,0.59,42.59,42.59,5.15,280,124.7
1.19PM,76,"4,5,6,7",3,2.8,3,NILL,460,2000,3864,0.51,26.31,66.72,5.6,250,162.1
1.18PM,33,3.5-4,3,2.7,2.5,NILL,1015.74,275,0.27,8.33,16.66,16.66,0.849,250,117.1
1.08PM,30,3.5-6,3,3,3,NILL,156,450,1350,0.33,20,40,2.04,290,88.2
1.16PM,27,"9,10",3.5,3,2.5,1/1m,246,1270,2583,0.49,47.22,94.44,2.6,340,96
1.13PM,44,6,3,3,2.3,NILL,264,1275,2376,0.53,28.97,28.97,4.31,290,112.8
1.16PM,52,6,3,3,2.5,NILL,312,1100,2808,0.39,21.15,21.15,1.9,300,100.8
1.07PM,52,8,3.2,2.8,3,NILL,416,1500,3727.36,0.4,28.85,57.7,2.5,370,94.1
1.06PM,27,15,3.5,3,3,2/1m,405,2275,4252.5,0.53,84.26,168.52,2.61,390,96
1.00PM,40,15,3.5,3,3,2/1m,600,3150,6300,0.5,78.75,157.5,4.69,320,93
1.53PM,30,3.5-5,3,2.5,3,NILL,165,700,1225.5,0.57,23.33,46.66,3.68,280,128.1
1.01PM,21,15,4,3.5,3,2/1m,315,1506.25,4410,0.34,71.72,143.45,2.37,320,93
1.40PM,50,15,3.5,3,3,2/1m,750,4600,7875,0.58,92,184,2.09,360,112.7
1.26PM,64,"4,5",3.2,2.8,3,NILL,306.67,1150,2747.76,0.42,17.96,35.92,2.1,410,110.3
1.20PM,10,5.5,4,3.5,3,NILL,55,225,770,0.29,22.24,44.48, NA,340,NA
1.12PM,41,10,3,3,3,2/1m,410,1625,3690,0.44,39.63,79.26,1.37,290,115.9
1.08PM,22,15,3.5,3,3,2/1.5m,330,1625,3465,0.46,73.86,147.7,0.659,350,104.3
1.05PM,75,"5,6",3.2,2.8,3,NILL,415,1350,3718.4,0.36,18,36,2.53,380,93
1.10PM,35,7,3.2,2.8,3,NILL,245,1250,2195.2,0.57,35.7,71.4,0.75,310,96.6
1.10PM,9,8,3,2.5,3,NILL,72,75,540,0.14,8.33,8.33,0.75,330,96.6
1.05PM,20,"5,6,15",3.5,3,3,"2/1,1.5m",188,1025,1974,0.51,51.25,102.5,3.18,320,126
1.03PM,36,8,3,3,3,NILL,288,1500,2592,0.57,41.66,41.66,3.07,360,123
1.05PM,27,15,4.2,3,3,2/1m,405,2250,5103,0.44,83.33,166.66,3.52,350,125
1.14PM,63,"14,15",3,3,3,2/1m,913.5,5150,821.5,0.62,81.07,163.49,4.19,430,125
1.04PM,48,"8,9",3,2.8,3,1/1m,416,1925,3500,0.55,40.1,80.2,2.5,340,119.4
1:14PM,18,15,3.5,3,3,2/1m,270,1125,2835,0.4,62.5,125,1.65,370,100
1:14PM,60,8,3.2,2.8,3,NIL,480,1750,4300.8,0.41,29.17,58.34,1.65,390,100
1:22PM,51,15,4,3,3,2/1m,765,4550,9180,0.49,89.21,178.42,2.41,380,118
1:25PM,40,5,3,2.5,3,NIL,200,900,1500,0.6,22.5,22.5,2.41,350,118
1:28PM,34,"11,12",3.5,3,3,1/1m,394,1900,4137,0.46,55.88,55.88,2.16,410,112
1:24PM,8,15,3.8,3,3,2/1m,120,725,1368,0.52,90.62,90.62,9.65,310,125
1.24PM,28,12,4,3,3,1/1.5m,336,1900,4032,0.47,67.85,135.71,9.65,330,125
1:10PM,35,7,3,3,3,NIL,245,1100,2205,0.49,31.42,31.42,1.69,340,133.3
1:59PM,75,9,3.2,2.8,3,NIL,675,2800,6048,0.46,37.33,37.33,2.42,420,115.6
1:25PM,31,11,3,3,3,1/1.5m,341,1725,3069,0.56,55.6,111.3,3.48,390,119.2
1:21PM,32,7,3,3,2.5,NIL,224,1225,2016,0.6,38.28,76.56,2.41,370,115.5
1:10PM,45,6,3,3,2.5,NIL,270,1075,2430,0.44,23.88,23.88,1.88,310,125.6
1:20PM,51,7 to 15,3.3,3,3,2/1M,455,2425,4505,0.53,59.14,118.29,8.17,290,121.8
1.30PM,9,8,2,2,3,NILL,72,325,288,1.13,36.11,36.11,NA,360,NA
"1,25PM",41,"10,11",3.5,3,3,1/1m,414,2000,4347,0.46,48.78,48.78,1.37,345,116
1.33PM,35,8,3,3,3,NILL,280,1500,2520,0.59,41.7,41.7,1.48,370,119.1
1.35PM,44,"9,10",2.5,3,3,1/1.5m,434,1600,3135,0.51,36.36,72.72,1.94,320,97.4
1.49PM,33,10,3,3,3,1/1m,310,1500,2970,0.5,46.96,93.93,1.93,330,112.3
1.48PM,80,15,4.2,3.2,3,2/1m,1200,7575,16128,0.46,96.68,189.3,5.75,310,114.1
1.30PM,24,1.39,3,3,2.76,NILL,63,33.46,567,0.057,1.39,2.78,NA,305,NA
1.18PM,50,9,3.5,3,3,1/1m,450,2050,4725,0.43,41,82,NA,440,NA
1:11PM,40,9,3.5,3,3,1/1M,360,1350,3780,0.35,33.77,33.77,6.18,260,119
1:16PM,39,10,4,3,3,1/1M,390,1875,4680,0.4,48.07,96.15,1.71,370,116.1
1:19PM,32,7,3.5,3,3,NIL,224,750,2352,0.31,23.43,46.87,0.84,320,112.4
1:14PM,35,9,3.5,3,3,NIL,315,1350,3307.5,0.4,40,40,4.68,290,120.3
1:15PM,50,9,3.3,3,3,NIL,450,2125,4725,0.44,42.5,85,1.36,380,110.1
1:24PM,11,8,3,3,3,NIL,88,300,792,0.37,27.27,54.54,0.91,290,117.1
1:09PM,60,10.5,4,3.2,3,1/1.5M,630,3500,8064,0.43,58.33,116.66,1.12,340,91.7
1:19PM,50,10,4,3,3,1/1.5M,500,2625,6000,0.43,52.5,105,1.71,320,115.5
1:27PM,70,15,4,3,3,2/1.5M,1050,5325,12600,0.52,76.07,152.14,9.52,330,120.7
1:17PM,40,6,3.5,3,3,NIL,240,1100,2520,0.43,27.5,27.5,2.82,310,115.6
1:29PM,68,15,4.2,3.2,3,2/1M,1020,5400,13708,0.39,79.41,158.82,2.47,370,92.7
1:18PM,27,10,3.5,3,3,1/1.5M,270,1300,2835,0.45,48.14,96.29,0.59,390,132.3
1:24PM,27,10,3.5,3,3,1/1.5M,270,1275.75,2835,0.45,48.14,96.29,1.04,320,97.4
1:16PM,91,10,3.5,3,3,1/1M,910,4350,9555,0.45,47.8,47.8,1.21,480,87.1
1:22PM,43,4,3.2,2.8,2.5,NIL,172,450,1541.12,0.3,10.46,10.46,1.36,330,98.8
1:09PM,30,10,3.5,3,3,1/1.5M,300,1275,3150,0.4,42.5,85,3.63,410,120.7
1:18PM,33,8,3.5,3,3,NIL,264,1400,2772,0.5,42.42,42.42,1.25,360,85.1
1:42PM,230,15,3.5,3,2.5,2/1M,3450,20750,36225,0.57,90.22,180.44,5.04,390,132.4
1:38PM,24,10,3.5,3,3,NIL,240,1550,2520,0.59,62.5,62.5,0.73,460,117.6
1:40PM,36,6,3,3,3,NIL,216,875,1944,0.45,24.3,24.3,2.07,270,116
1:16PM,25,15,3.5,3,3,2/1.5M,375,1700,3937.5,0.43,68,136,0.73,400,105.8
1:41PM,51,10,4,3,3,1/1M,510,3100,6120,0.51,60.78,121.56,1.1,390,116.6
1:27PM,24,15,3.5,3,3,2/1.5M,360,1600,3780,0.42,66.66,133.33,0.94,390,91.7
1:19PM,63,15,4.2,3.2,3,2/1M,945,4575,12700.8,0.36,72.61,145.23,2.03,430,123
1:20PM,56,15,2.7,2.5,3,2/1M,840,5350,5670,0.94,95.53,191.07,2.67,360,118
1:21PM,42,7,3,3,3,NIL,294,1175,2646,0.44,27.97,27.97,2.16,290,116
1:16PM,40,14,4,3,3,2/1M,560,3675,6720,0.54,90.87,183.75,2.16,400,100
1:24PM,44,7,3,3,3,NIL,308,1250,2772,0.45,28.4,28.4,NA,NA,NA
1:12PM,90,9,3.5,3,3,NILL,810,5000,8505,0.59,55.55,55.55,3.56,360,110
1:22PM,7,4,3,3,2.5,NILL,28,100,252,0.39,14.28,14.28,NA,360,NA
1:12PM,40,9,3.5,3,3,NILL,360,2250,3780,0.59,56.25,56.25,3.56,350,110
1:04PM,40,6,3.5,3,2.5,NILL,240,1267.6,2520,0.5,31.69,63.38,0.508,420,116
1.07PM,35,12,3.5,3,3,1/1.5m,420,2325,4410,0.52,66.42,132.85,4.32,300,128
1.04PM,35,5,2.5,2,3,NILL,175,750,875,0.85,21.43,21.43,1.14,320,100
5.02PM,75,"6,7",2.3,1.9,3,NILL,487.4,1975,2130,0.92,26.3,52.6,1.52,340,119
1.14PM,52,"4,6",3,3,2.5,NILL,312,1361.12,2664,0.51,26.17,26.17,3.18,320,125
1.22PM,33,"10,11",2.5,1.8,3,1/1m,352,2000,1584,1.26,60.6,60.6,0.762,320,114
1.15PM,48,10.5,3.5,3,3,2/1m,504,3000,5292,0.56,62.5,125,1.02,325,110
1:19PM,20,"10,10.5",3.5,3,2.8,2/1m,205,500,2152.5,0.23,25,50,0.762,315,106
1.47PM,115,"4.5,5",2.8,2.5,3,NILL,540,2125,3780,0.56,18.48,18.48,1.07,330,108.4
1.19PM,15,5,2.5,2,3,NIL,75,250,375,0.61,15.33,15.33,0.579,380,80.1
1.08PM,32,8.5,3.5,3,3,NIL,272,1775,2856,0.62,55.46,55.46,1.65,320,132
1.20PM,45,"10,10.5",3.5,3,3,2/1M,437,2500,4843,0.51,55.55,55.55,3.31,320,111.5
1.39PM,41,"10,15",3,2.5,3,2/1M,512,2250,3843,0.58,54.87,109,1.4,320,103
1.14PM,45,"12,14",3.5,3.2,3,2/1M,699,3250,6708,0.48,72.22,144.44,3.99,325,129
1.12PM,60,8.5,3,3,3,1/1M,510,2125,4590,0.51,35.41,70.82,9.56,280,120
1.15PM,20,4,3,3,2.5,NIL,80,275,720,0.38,13.75,13.75,4.02,300,114
1.21PM,40,13,3.2,2.8,3,2/1M,520,2425,4659.2,0.52,60.62,60.62,12,250,117.8
1.15PM,39,4.4,3,2.5,2.5,NIL,171,500,1287,0.38,12.82,12.82,0.452,400,94.1
1.17PM,80,10,3.2,2.8,3,1/1M,800,3875,3875,0.54,48.43,48.43,2.07,380,128.1
1.18PM,14,8,3,2.5,3,NIL,550,550,840,0.65,39.28,39.28,0.675,475,118.2
1.19PM,73,7,3,2.5,3,NIL,483,2500,3832,0.65,34.24,34.24,0.5,400,112.8
1.14PM,29,8.5,3,2.6,3,NIL,246,1025,1922,0.53,35.34,35.34,0.627,410,92.3
1.15PM,44,8,3,2.5,2.3,NIL,374,1700,2805,0.6,38.63,38.63,2.17,410,117.4
1.32PM,74,5,3,3,3,NIL,370,1125,3330,0.33,15.2,15.2,0.945,420,109.5
1.31PM,46,"8,11",3,3.5,3,1/1M,460,2475,4830,0.51,53.8,107.6,1.82,390,122.2
1.16PM,18,"5.5,6",3.8,2.7,3,NIL,108,500,1108.8,0.45,27.77,27.77,3.2,350,133.3
1.11PM,40,10.5,3,3,3,2/1M,420,2125,3780,0.56,53.12,53.12,0.627,405,116.6
1.27PM,19,"4,6",3,3,3,NIL,95,127.72,855,0.15,6.73,13.45,0.738,390,93.6
1.01PM,58,"5,14",3.5,3,3,2/1M,565,3278,5932,0.55,56.51,113.03,0.833,375,97.4
1.02PM,70,"10,11",3.2,2.8,2.5,1/1M,770,4675,6899.2,0.67,66.78,66.78,0.675,420,83.4
1.06PM,37,15,3.5,3,3,1/1.5M,555,2700,5827,0.46,72.97,145.94,1.01,380,83.4
1.08PM,30,"14,15",3.5,3,3,2/1.5M,420,2100,4567.5,0.45,70,140,1.4,350,93
1.16PM,26,10,3.5,3,3,1/1.5M,260,1375,2730,0.5,52.88,105.7,0.754,390,88.2
1.15PM,36,10,3,3,3,1/1.5M,360,1575,3240,0.48,43.75,87.5,1.6,360,92.3
1.17PM,47,"5,7",2.8,2.5,3,NIL,314.5,1250,2201.5,0.57,26.6,26.6,2.58,340,121.1
1.15PM,26,6,3,2.5,3,NIL,156,725,1170,0.61,25,50,1.28,340,112.4
1.20PM,9,10,1.5,1.5,3,1/1M,90,325,202,1.6,36.11,36.11,NA,350,NA
5.25PM,27,10,3.2,2.5,3,1/1m,270,1425,2160,0.65,52.78,52.78,1.1,390,114
1.23PM,33,15,3.5,3,3,2/1.5m,495,2975,5197.5,0.57,90.15,180.3,2.42,340,115
1.26PM,53,7,3,3,3,NILL,371,1825,3339,0.54,34.43,68.86,2.55,380,115.3
1.04PM,48,"10,11",4,3,3,1/1.5m,504,3367,6048,0.55,70.14,140.29,4.06,395,123.4
1.04PM,48,"10,11",4,3,3,1/1.5M,504,3367,6048,0.55,70.14,140.29,4.06,395,123.4
1.20PM,29,8.5,3,3,3,1/1m,246.5,1225,2218,0.55,42.24,42.24,3.43,350,118
1.21PM,32,7,3,3,3,NILL,224,1050,2016,0.52,32.18,32.18,2.79,340,118
1.30PM,135,15,4,3,3,2/1m,2025,11350,24300,0.46,84.07,84.07,9.82,310,136
1.12PM,40,15,3,3,3,2/1.5m,600,3050,5400,0.56,76.35,152.5,3.44,320,103.3
1.23PM,20,"12,13",3.5,3,3,1/1.5m,256,1500,2730,0.54,75,150,2.16,380,110
1.18PM,56,"5,5.5",3,2.8,3,NILL,293,1000,2461.2,0.41,17.86,35.72,2.48,410,118.5
1.18PM,54,5,3,2.8,3,NILL,270,1000,2268,0.44,18.52,37.04,2.48,410,118.5
1.19PM,66,"13,14",3.5,3,3,2/1m,891,5250,9355.5,0.56,79.54,159.09,0.627,390,113.2
1.14PM,81,"4,5,6,7",3,2.5,2.5,NILL,463,1875,3472.5,0.53,23.14,46.28,1.94,360,112.6
1.02PM,27,11,3.5,3,3,1/1.5m,297,1675,3118.5,0.53,62.03,124.07,3.02,390,93.6
1.09PM,33,7,3,3,3,NILL,231,1009,2079,0.48,30.58,30.58,3.29,360,119.1
1.13PM,26,7,3,3,3,NILL,182,1025,1638,0.62,39.4,78.84,1.17,380,98.8
1.17PM,30,6,3,3,3,NILL,180,750,1620,0.46,25,25,1.52,350,123.9
1.11PM,92,8,3.2,2.8,3,NILL,736,3050,6594.56,0.46,33.15,66.3,2.06,320,103.8
1.15PM,63,15,4,3,3,2/1m,945,5000,11340,0.44,79.36,158.72,1.87,380,99.9
1.13PM,25,4,3,2.5,2.5,NILL,100,275,750,0.37,11.12,22.24,1.42,410,89.2
1.08PM,74,"10,10.5",4,3,3,1/1m,758.5,4500,9102,0.49,60.81,121.62,2.03,380,117
1.17PM,120,10,4,3,3,1/1m,1200,5175,14400,0.35,43.125,43.125,2.03,360,112
1.20PM,46,"6,8",3.3,2.8,3,NILL,`336,1625,3104,0.52,35.32,70.65,1.52,380,116
1.15PM,45,"6,8",3,3,3,NILL,286,1275,2835,0.44,28.33,28.33,1.1,350,113.1
1.08PM,18,5.5,3,3,2.5,NILL,99,400,891,0.44,22.22,22.22,0.786,340,107.5
1.18PM,35,8.5,3,3,3,1/1m,297.5,1450,2677.5,0.54,41.42,82.84,0.818,350,107
1.19PM,92,"4,4.5,5.5,6",3,2.8,3,NILL,465,1700,3906,0.43,18.47,18.47,0.96,360,116.5
1.22PM,46,13,3,3,3,2/1m,598,2750,5382,0.51,59.78,119.5,1.74,360,108.8
5.41PM,74,"10,12",3.5,3,3,1/1m,810,2750,8505,0.32,37.16,74.32,2.39,340,120.1
1.25PM,51,6 to 11,3.3,3,3,1/1m,462,2700,4851,0.55,52.92,105.88,1.01,330,116.5
5.40PM,100,"7,10,13",3.5,3,3,1/1m,982,5275,10311,0.51,52.75,105.5,3.37,350,115
1.17PM,35,11,3,3,3,1/1.5m,385,1950,3465,0.56,55.71,111.42,0.77,380,106.3
1.21PM,37,12,4,3,3,2/1m,444,2275,5328,0.42,61.48,122.96,0.706,430,92.7
1.11PM,32,9,3,2.5,3,1/1.5m,288,1200,2160,0.55,37.5,75,1.53,390,119.4
1.11PM,40,4.5,3,2.5,2.8,NILL,180,625,1350,0.46,15.62,31.24,2.69,390,113.5
1.17PM,75,"4,5,7.5,9,12",3.2,2.8,3,NILL,535,2200,4793.6,0.45,29.33,29.33,0.96,430,82.5
1.12PM,33,"10,11",3,3,3,1/1m,352,1950,3168,0.61,59.09,118.18,2.09,320,111.2
1.10PM,32,6,3,3,3,NILL,192,900,1728,0.52,28.12,28.12,1.93,380,107.7
1.11PM,14,"7,8",1,0.9,3,NILL,105,168.98,94.5,1.79,12.07,24.14,1.23,280,120
1.11PM,20,4,3,3,3,NILL,80,166.8,720,0.23,8.34,16.68,1.23,280,120
1.13PM,48,15,3.5,3,3,2/1m,720,3570,7560,0.49,78.13,156.26,2.85,380,116.5
1.10PM,24,6,3.2,2.8,3,NILL,144,675,1290.24,0.52,28.105,56.25,1.09,370,97.2
1.10PM,58,"6,8,9,11,13",3.5,3,3,1/1m,572,2800,5985,0.46,48.27,96.54,1.09,370,97.2
1.05PM,45,8.5,3,3,3,1/1m,382.5,1875,3442.5,0.54,41.6,41.6,2.07,300,93.8
1.17PM,46,15,3.25,3,3,2/1.5m,690,3580,6727.5,0.53,77.84,155.68,1.94,300,110
1.09PM,41,10.5,3,3,3,1/1.5m,462,2050,3874,0.52,50.4,100.8,2.2,355,116.8
1`.07PM,49,8,3.5,3,3,1/1m,392,1925,4116,0.47,39.29,78.57,1.63,350,110
1.11PM,59,"12,14",3.6,3.2,3,1/1M,768,3675,8847.36,0.41,62.29,62.29,2.55,350,107.4
1.08PM,40,7,3,3,3.5,NILL,280,1250,2520,0.49,31.25,62.5,3.45,280,118.9
1.34PM,20,10,3,3,3,NILL,200,1080,1800,0.6,54,108,0.722,390,111.7
1.28PM,50,"4,5,6",3,3,3,NILL,260,1135,2340,0.48,22.07,45.4,0.548,429,108.3
1.17PM,24,8.5,3,3,3,NILL,204,900,1836,0.48,37.5,37.5,3.69,280,125.1
1.35PM,32,"6,7,9",3,3,3,NILL,221,1200,2016,0.59,37.5,75,0.786,380,119.6
1.19PM,150,"10,13",3.2,2.8,2.5,NILL,1767,7825,15832.32,0.49,52.16,104.32,5.97,380,126
1.16PM,56,15,3.2,3.2,3,2/1m,840,5500,11289,0.48,98.21,196.4,4.83,340,100
1.03PM,44,6,3,3,3,NILL,264,1200,2376,0.5,25.02,25.02,1.14,360,100
108PM,41,7,3,3,3,NILL,287,1375,2583,0.53,33.54,33.54,1.52,350,100
1.09PM,32,12,3,3,3,1/1.5m,384,1872,3456,0.54,58.506,116.012,1.65,350,100
1.06PM,45,14,3.5,3,3.5,2/1m,630,3675,6615,0.5,81.66,163.32,2.29,410,112
1.11PM,44,4,3.5,3,3,NILL,176,325,1848,0.17,7.38,14.77,1.4,320,117
1.04PM,94,2,3,2.5,1.7,NILL,188,261.32,1410,0.18,2.78,5.56,0.5,309,106
1.06PM,40,15,3.5,3,3,2/1m,600,3336,6300,0.52,83.4,166.8,1.78,410,100
1.26PM,93,"8,10,12",3.5,3,2.5,1/1m,953,5625,10006.5,0.56,60.48,120.96,3.43,450,100
5.18PM,58,15,3.5,3,3,2/1m,870,5500,9135,0.6,94.82,189.64,1.65,390,120
1.13PM,23,4,3,3,3,NILL,92,375,828,0.45,16.3,32.6,1.02,390,100
1.07PM,30,8.5 to 9,3,3,3.5,1/1m,262.5,1400,2362.5,0.59,46.66,46.66,0.76,460,116
1.12PM,30,"6,9",3.5,3,3,NILL,222,950,2331,0.4,31.66,63.33,2.54,380,112
1.22PM,24,"7,12,13",3.5,3,3,1/1.5m,281,1450,2950.5,0.49,60.41,120.82,1.27,380,100
1.53PM,115,15,3.6,3.2,2.5,2/1m,1725,9475,19872,0.47,82.39,164.78,7.24,280,126
1.32PM,44,6,3,3,3,NILL,264,1111.12,2376,0.46,25.25,25.25,0.889,380,100
1.35PM,9,9,3,2.5,3,1/1m,81,325,607.5,0.53,36.11,72.22,NA,430,NA
1.37PM,28,10,3,3,3,1/1m,280,1400,2520,0.55,50.04,100.08,0.762,410,100
1.42PM,50,"5,8",3,3,3,NILL,370,1350,3330,0.4,27,54,6.6,250,123
1.09PM,50,15,3.6,3.2,2.5,2/1m,750,4500,8640,0.52,90,90,1.36,390,129.2
1.04PM,30,5,3,3,3,NILL,150,575,1350,0.42,19.16,38.33,1.42,430,121
1.02PM,18,8.5-9,3,3,3.5,NILL,157.5,875,1417.5,0.61,48.61,48.61,3.21,340,120
1.07PM,66,"5,6,7,8,9",3.5,3,3,NILL,490,2567,5145,0.49,38.89,77.78,0.929,440,123.3
1.06PM,64,15,4,3,3,2/1m,960,4800,11520,0.41,75,150,4.06,390,134
12.50PM,40,6,4,3,3,NILL,240,1000,2880,0.34,25.02,25.02,2.29,380,127
1.06PM,35,3,3,2.8,2.5,NILL,105,150,882,0.17,4.28,8.56,1.02,340,122
1.06PM,20,3,3,2.8,2.5,NILL,60,50,504,0.09,2.5,5,1.02,340,122
1.15PM,15,15,3.5,3,4,"1/1m,1/1.5m",225,1208.34,2362.5,0.51,80.55,80.55,NA,NA,NA
1.03PM,35,8.5,4,3,3,NILL,297.5,1225,3570,0.34,35,70,1.83,360,124.9
1.11PM,9,15,3.5,3,3,2/1m,135,625,1417.5,0.44,69.44,69.44,0.913,430,107.9
1.09PM,79,"11,12,14",4,3,3.5,2/1m,972.94,4100,11675.36,0.35,51.89,103.79,0.119,480,120.9
1.11PM,68,15,4.2,3.2,3,"1/1m,1/1.5m",1020,4271.22,13708.8,0.311,62.82,125.61,8.49,260,118
1.08PM,22,15,3.8,3.3,3,2/1m,345,1500,4138.2,0.36,68.1,136.36,2.67,290,112
1.10PM,15,8,3.5,3,3,2/1m,144,575,1260,0.41,38.33,76.66,2.16,300,127
1.39PM,58,15,3.6,3.2,2.5,2/1m,870,5675,10022.4,0.56,97.8,195.6,3.64,320,125
1.17PM,50,5,3.2,2.8,3,NILL,250,1000,2240,0.44,20,40,2.1,230,117.7
1.22PM,90,15,3.6,3.2,2.5,2/1m,1350,7525,15552,0.48,83.61,167.22,10.2,280,131.4
1.24PM,59,"3,5,12,15",3.8,3.3,4,2/1m,573,2300,7185.42,0.32,38.98,77.96,1.79,380,129
1.11PM,20,15,3.5,3,3.5,2/1.5m,480,1275,3150,0.4,63.75,127.5,4.06,250,124
1.16PM,95,9,3.2,2.8,3,NILL,855,4600,7660.8,0.6,48.42,96.84,0.405,360,109.2
1.06PM,20,3,2.5,2,2.5,NILL,60,75,300,0.25,3.75,7.5,1.21,420,100.1
1.06PM,40,6,3.2,2.8,3,NILL,240,850,2150.4,0.39,21.25,42.5,1.21,420,100.1
1.14PM,17,3.5,3,2.5,2.5,NILL,59.5,100,446.25,0.22,5.88,11.76,NA,390,NA
1.28PM,70,15,3.6,3.2,2.5,2/1m,1050,4925,12096,0.4,70.35,140.7,4.19,350,112
1.04PM,23,14,3.5,3,3,2/1m,322,1500,3381,0.44,65.21,130.42,2.9,380,124.9
1.29PM,66,6,3.5,2.8,3.5,NILL,396,1375,3880,0.35,20.83,20.83,1.4,220,114
1.32PM,45,4.5,3,3,2.5,NILL,202.5,516.48,1822.5,0.28,11.47,11.47,3.34,220,115.9
1.00PM,49,15,4.2,3.2,3,2/1m,735,5000,9878.4,0.5,102.04,204.08,6.6,240,100
1.01PM,18,15,3.6,3.2,2.5,2/1m,270,1275,3110.4,0.4,70.83,141.66,1.29,290,104.7
1.10PM,19,5,3,2.5,2.5,NILL,95,225,712.5,0.31,11.84,23.68,NA,390,NA
5.21PM,39,9,3,3,3,1/2m,351,1409.46,3159,0.44,36.14,36.14,3.21,380,124.4
1.14PM,31,9,3,3,3,1/1m,279,1206.52,2511,0.48,38.92,38.92,2.79,400,123.4
5.13PM,21,15,3.5,3,3.5,2/1m,315,1750,3307.5,0.52,83.33,166.16,0.992,380,93
1.16PM,43,15,3.8,3.3,3,2/1m,645,3586.2,8088.3,0.44,83.4,166.8,3.3,380,122
1.11PM,31,4.5,3,2.8,3,NILL,139.5,350,1171.8,0.29,11.29,11.29,2.54,220,118
1.15PM,30,6,3,2.8,3,NILL,180,650,1512,0.42,22,44,2.41,390,116
1.18PM,70,6,3,2.8,3,NILL,420,1525,3528,0.43,21.8,43.6,1.25,300,136.7
1.30PM,57,"9,12",3,2.5,3.5,2/1m,600,2725,4500,0.6,47.8,95.6,1.1,380,89.2
1.18PM,33,"8,9",3,3,3,NILL,280,1275,2520,0.5,38.63,77.27,3.69,390,112.1
1.20PM,28,"9,13,14",3.5,3,3,2/1m,364,1850,3822,0.48,66.07,132.15,2.52,490,111.7
1.20PM,70,8,3,2.8,3,NILL,560,2050,4704,0.43,29.3,29.3,2.01,380,94.6
1.15PM,19,6,3,3,3,NILL,114,400,2026,0.38,21.05,42.1,0.76,340,114
1.20PM,62,15,4.1,3.1,3,2/1m,930,5050,11820.3,0.42,81.45,81.45,3.29,380,92.7
1.14PM,23,15,3.5,3,3,2/1m,345,1550,3622.5,0.42,67.39,134,1.52,440,100
1.19PM,39,8,3,3,3,NILL,312,1500,2808,0.53,38.46,38.46,1.1,390,89.2
1.14PM,24,15,3.5,3,3,2/1m,360,2000,3780,0.52,83.4,166.8,6.22,210,128
1.29PM,53,15,3.6,3.5,3,2/1m,795,2375,10017,0.23,45,45,2.85,380,130.7
1.20PM,24,9,4,3,3,1/1m,216,975,2592,0.37,40.62,81.25,3.43,480,121
1.27PM,30,6,3.3,2.8,3,NILL,180,500.4,1663.2,0.3,16.68,33.36,2.54,380,132
1.02PM,30,8,3,2.8,3,NILL,240,850,2217.6,0.38,28.33,56.66,1.34,310,125.7
1.30PM,45,6,3,2.5,3,NILL,270,750,2025,0.37,16.66,33.13,NA,680,NA
1.11PM,115,10,4,3,2.5,1/1m,1150,5980.3,13800,0.45,52,104,4.63,280,124.7
1.34PM,80,15,3.5,3,3,2/1m,1200,4300,12600,0.34,53.75,53.75,3.23,380,111.5
2.15PM,8,8,3,2.5,3,NILL,64,200,480,0.41,25,25,0.516,320,88.7
2.13PM,6,8,3,3,3,NILL,48,150,432,0.34,25,50,2.2,360,134.4
1.21PM,28,15,4,3.5,3,2/1.5m,420,2000,5880,0.34,71.42,71.42,2.39,340,132.8
1.26PM,36,12,3.8,3.5,3,1/1.5m,516,2275,5745,0.39,52.9,52.9,1.39,380,119.8
1.14PM,6,8,3,3,3,NILL,48,125,432,0.29,20.83,41.66,0.437,360,107.8
1.13PM,35,6,3,3,2.5,NILL,210,700,1890,0.37,20,40,3.14,420,126.7
1.07PM,55,"12,15",3.5,3,3,"1/1m,1/1.5m",663,2750,6961.5,0.59,50,100,1.39,340,130.1
1.20PM,6,8,3,3,3,NILL,48,150,432,0.34,25,25,NA,360,NA
1.15PM,53,6,3,2.8,3,NILL,318,1200,2671.2,0.44,22.64,45.28,4.79,340,116.5
1.05PM,7,8,3,3,3,NILL,56,200,504,0.39,28.57,57.14,NA,360,NA
1.25PM,6,4,1.5,1.5,3,NILL,24,30,54,0.55,5,10,NA,310,NA
1.20PM,24,6,3.2,2.8,2.5,NILL,144,445,1290.24,0.34,18.54,37.08,0.548,420,102.4
1.00PM,45,6,3,2.5,3,NILL,270,925,2025,0.45,20.5,41,4.53,320,119.6
1.05PM,3,8,2.5,2,3,NILL,24,100,120,0.8,33.3,33.3,NA,300,NA
1.25PM,8,"8,12",1,1,3,1/1m,90,350,90,3.88,43.75,175,NA,310,NA
1.55PM,11,12,1.5,1.5,3.5,1/1m,148,400,333,1.2,36.4,72.8,NA,340,NA
1.22PM,126,15,4,3,3,2/1m,1890,11550,22680,0.5,91.66,183.33,7.14,390,127
1.17PM,21,10,3,3,3,NIL,210,1050,1890,0.55,50,100,1.15,340,115.3
1:09PM,35,"6,8",3,3,3,NIL,264,1375,2376,0.57,39.2,78.4,2.42,290,125
1.39PM,50,5,3,2.5,3,NIL,250,950,1875,0.5,19,38,3.36,310,130.7
1:40PM,27,"5,7",3,2.5,3,NIL,159,575,1192.5,0.48,21.29,42.58,1.83,360,114.8
1:39PM,28,8,3.2,2.8,3,NIL,224,925,2007.04,0.46,33.03,66.06,3.36,330,130.7
1:04PM,52,15,3.6,3.2,3,3/1m,780,4975,8985.6,0.55,95.67,191.34,9.45,370,123.9
1:02PM,15,14,3.3,2.5,4,2/1m,210,1000,1732.5,0.57,66.66,66.66,3.6,200,113.3
1:26PM,19,8,3.2,2.8,3,NIL,152,800,1361.92,0.58,42.1,84.2,1.34,320,123.2
1.23PM,65,15,3.5,3.2,3,2/1m,975,5825,10920,0.53,89.6,179.2,3.21,410,127
1.23PM,54,7,3.2,2.8,3,nil,378,1825,3386.88,0.53,33.7,67.4,3.25,385,120.1
1.35PM,6,4,2,2,3,NIL,24,30.58,96,0.31,5.09,20.36,NA,340,NA
1.16PM,26,15,4,3,3,2/1m,390,2219,4680,0.47,85.36,170.72,2.79,390,124.2
2.02PM,40,15,3.5,3,3,2/1m,600,3700,6300,0.58,92.5,185,1.56,400,107.7
1.39PM,86,7,2.5,2.2,3,NIL,602,2500,3311,0.75,29.06,58.12,2.53,360,113.4
1.38PM,12,15,3,3,4,2/1m,180,900,1620,0.55,75,75,16.2,123,132.6
1.23PM,8,15,3,3,4,2/1m,120,600,1080,0.55,75,75,21.6,123,122.6
1.17PM,30,6,3.2,2.8,3,NIL,180,775,1612.8,0.48,25.83,51.66,1.61,380,113.3
1.05PM,30,6,3.5,3,3,NIL,180,675,1890,0.36,22.5,45,0.889,390,106
1.03PM,15,15,3,3,3.5,2/1m,180,1125,2025,0.55,75,75,8.89,330,130
1.10PM,26,15,4,3,3,2/1m,390,2325,4680,0.49,89.42,178.84,1.65,360,133
1.28PM,14,4,3,3,3,NIL,56,116.76,504,0.23,8.34,8.34,0.889,330,116
1.48PM,46,"6,7",3,2.5,3,NIL,312,1450,2340,0.61,31.52,63.04,1.14,480,112
1.33PM,42,7,3,2.6,3,NIL,294,1150,2293.2,0.5,27.32,54.76,3.3,380,116
1.43PM,29,15,3.5,3,3,2/1M,435,1150,4567.5,0.25,39.65,79.3,3.94,460,122
1.27PM,38,15,3.5,3,3,2/1m,600,2825,6300,0.44,74.34,148.34,4.19,480,120
1.21PM,28,15,3.5,3,3,2/1m,420,2150,4410,0.48,76.78,153.56,3.05,480,131
1.20PM,24,15,3,3,3.5,"1/1.5m, 1/1m",360,1811.1,3240,0.55,75.4625,75.4625,0.889,410,122
1.10PM,32,"13,14,15",3.5,3,3,NIL,457.6,2075,4804.8,0.43,64.84,129.68,1.91,480,122
1.11PM,43,6,3,2.5,3,NIL,258,900,1935,0.46,20.9,41.8,6.22,430,122
1.11PM,55,"7,8",3,2.5,3,NIL,410,1575,3075,0.51,28.63,57.26,6.22,440,122
1.15PM,38,15,3.5,3,3,2/1m,570,3600,5985,0.6,94.73,189.46,2.03,520,122
1.16PM,62,"15,15.5",3.5,3,3,2/1m,948,5350,9954,0.53,86.29,172.58,1.78,510,118
1.10PM,6,15,3,3,3,2/1m,90,500,810,0.62,83.4,83.4,NA,620,NA
1.13pm,60,15,3.5,3,3,2/1m,900,4950,9450,0.52,82.5,165,3.18,390,118
1.08pm,85,7,3,2.5,3,NIL,595,2475,4462.5,0.554621849,29.11764706,58.22,1.4,360,118
1.21pm,12,5,1.5,1.5,3,NIL,60,175,135,1.296296296,14.58333333,29.16,1.02,290,123
1.06pm,25,9,3,3,3,NIL,225,1275,2025,0.62962963,51,102,1.14,560,116
1.15pm,12,14.5,3,3,3,2/1m,174,1000,1566,0.638569604,83.33333333,83.33,2.54,330,126
1.28pm,26,22,4,3,3,3/1m,572,3750,6864,0.546328671,144.2307692,144.23,3.18,420,106
1.15pm,83,6.78,3,2.5,3,NIL,562.74,2625,4220.55,0.621956854,31.62650602,NA,NA,NA,NA
1.32pm,64,15,3.5,3,3,2/1m,960,6250,10080,0.620039683,97.65625,195.3,4.7,330,122
1.35pm,95,14.8947,3.5,3,3,2/1m,1414.9965,9250,14857.46325,0.622582728,97.36842105,194.72,5.72,460,128
1.08pm,92,5.565,2.75,2.5,3,NIL,511.98,1925,3519.8625,0.546896363,20.92391304,64.5,4.32,360,122
1.08pm,70,6.5714,3,2.5,3,NIL,459.998,2000,3449.985,0.579712665,28.57142857,57.14,4.32,320,122
1.16pm,109,7.389,3,2.5,3,NIL,805.401,3750,6040.5075,0.620808765,34.40366972,68.8,5.97,300,125
1.21pm,46,15,4,3,3,2/1m,690,4350,8280,0.525362319,94.56521739,189.13,3.94,320,130
1.19pm,85,"7,7.5",3,2.5,3,NIL,625,2875,4687.5,0.61,33.82352941,67.64,4.45,340,120
1.12pm,43,"12,13,15",3.3,3,3,1/1m,583,3800,5791.5,0.65,88.37,176.74,3.3,420,129
1.06pm,26,6,3.5,3,3,NIL,156,675,1638,0.412087912,25.96153846,51.92,3.81,410,120
1.22pm,38,15,4,3,3,2/1m,570,3775,6840,0.55,99.34210526,99.34,4.83,280,125
1.19pm,37,20,3.4,3.2,3,2/1m,740,5225,8051.2,0.64,141.2162162,282.42,5.08,385,124
1.13pm,90,"6,6.5,7",3,2.5,3,NIL,600,2600,4500,0.57,28.88888889,57.76,3.43,340,118
1.04pm,146,"16,18",4,3,3,2/1m,2422,14350,29064,0.49,98.28767123,196.56,3.18,400,100
1.13pm,36,5,3,2.5,2.5,NIL,180,625,1350,0.46,17.36111111,34.72,1.78,430,130
1.23pm,37,25,4,3,3,3/1m,925,6500,11100,0.58,175.6756757,175.67,4.7,378,135
1.20pm,110,7,3,2.5,3,NIL,770,3600,5775,0.62,32.72727273,65.44,6.86,370,123
1.20pm,11,7,3,2.5,3,NIL,77,375,577.5,0.64,34.09090909,68.18,6.86,350,123
1.35pm,32,"7,4",3,2.5,3,NIL,167,625,1108,0.56,19.53125,39.06,1.14,390,106
1.23pm,130,7,3,2.5,3,NIL,910,3675,6825,0.3,28.26923077,56.52,7.11,340,120
1.15pm,49,6,3,2.5,3,NIL,294,1075,2205,0.48,21.93877551,43.86,2.41,360,130
5.10pm,56,"6,7,8,9",3.5,3,3,NIL,425,1900,4462,0.42,33.92857143,67.85,2.16,460,116
1.16pm,70,11,3.2,3,3,NIL,770,3875,7392,0.52,55.35714286,110.7,11.3,370,136
1.16pm,70,16,3.5,3,3,2/1m,1120,7075,11760,0.6,101.07,202.14,4.7,410,128
1.23pm,62,7,3,2.5,3,NIL,434,2350,3255,0.72,37.9,75.8,8.89,290,132
1.11pm,64,"7,8",3,3,2.5,NIL,483,2450,4347,0.56,38.28,76.56,1.4,430,106
1.40pm,20,4.5,3,2.5,2.5,NIL,90,300,675,0.44,15,30,NA,510,NA
1.05pm,18,16,3,3,3,2/1m,288,1375,2592,0.53,76.38,152.77,8.76,320,126
1.35pm,33,6,3,2.5,3,nil,198,850,1485,0.57,25.75,51.5,NA,660,NA
1.36PM,58,6,3,2.5,3,NIL,348,1450,2610,0.55,25,50,10.5,320,127
1.28PM,140,7,3,2.5,3,NIL,980,3800,7350,0.51,27.14,54.28,9.78,260,118
5.24PM,27,8,3,3,3,NIL,216,1100,1944,0.56,40.74,81.58,4.19,280,116
1.25PM,25,"13,14",3.5,3,3,2/1M,335,1900,3517,0.54,76,152,3.3,360,118
1.22PM,47,"8,9",3.5,3,3,1/1M,396,1250,4155,0.3,26.59,53.19,1.27,610,106
1.24PM,48,5,3.5,3,2.5,NIL,240,875,2520,0.34,18.22,36.45,1.4,380,106
1.18PM,46,"6,9",3,3,3,NIL,375,1600,3375,0.47,34.78,69.56,2.67,410,106
1.20PM,59,"5,6,8",3,2.5,3,NIL,389,1625,2917.5,0.55,27.54,55.08,1.02,640,106
1.21PM,49,"10,11",3.2,2.8,3,NIL,507,2750,4542.72,0.6,56.12,112.24,4.06,580,118
5.29PM,68,16,4,3,3,2/1M,1088,5300,13056,0.4,77.94,155.88,4.57,390,126
1.13PM,45,16,4,3,3,2/1M,720,3300,8640,0.38,73.33,146.66,2.41,450,106
1.08PM,31,15,4,3,3,2/1M,465,2475,5580,0.44,79.83,159.67,1.78,580,112
1.27PM,98,8,3,3,3,NIL,784,2500,7056,0.35,25.51,51.02,7.87,280,120
1.19PM,22,4,2.5,2.5,2.5,NIL,88,210,660,0.34,8.33,16.66,1.52,580,106
1.25PM,85,"8,9",3,3,3,NIL,726,2950,6534,0.45,34.7,69.4,3.05,315,116
1.23PM,27,7,3,2.5,5,1/1.5M,189,900,1417.5,0.63,33.33,66.66,1.4,640,106
1.50PM,24,"12,15",3,3,3,1/1.5M,291,1475,2619,0.56,61.74,122.91,2.79,290,122
1.21PM,85,7,3,3,3,NIL,595,2250,5355,0.42,26.47,52.94,4.7,310,125
1.07PM,23,12,3.5,3,3.5,1/1.5M,276,1458.32,2898,0.5,63.4,126.8,2.29,430,106
1.06PM,55,"9,10,12,15",3.5,3,3,2/1M,612,3500,6426,0.54,63.83,127.27,1.78,480,118
1.31PM,60,15,4,3.5,3,2/1M,900,5050,12600,0.4,84.16,168.32,6.1,460,122
1.10PM,16,10,3,3,3,NIL,160,750,1440,0.52,49.87,93.74,2.16,450,112
1.17PM,23,24,4.2,3.2,3,2/1M,552,3550,7418.88,0.47,154.34,308.38,3.81,450,126
1.15PM,115,7,3,3,3,NIL,805,2950,7245,0.4,25.65,51.3,12.8,380,125
1.04PM,28,"6,7,8",3.5,3,3,NIL,224,1000,2352,0.42,35.71,35.71,2.16,430,112
1.09PM,35,6,3,3,3,NIL,210,875,1890,0.46,25,50,1.91,420,112
1.13PM,22,17,4,3,3,2/1M,374,2550,4488,0.56,115.9,231.8,3.43,410,122
1.56PM,47,"6,9",3,3,3,NIL,411,2250,3699,0.6,47.87,95.74,NA,510,NA
1.53PM,39,11,3.5,3,3,1/1M,462,2425,4504.5,0.53,62.17,124.35,1.91,480,123
1.51PM,39,5,3.5,3,2.8,NIL,52.5,800,2047.5,0.39,20.51,41.02,2.41,550,106
1.51PM,30,10,3,3,3,1/1M,900,1886.12,2700,0.69,62.87,125.74,2.41,530,106
1.55PM,30,"20,21",4,3,3,2/1M,610,4325,7320,0.59,144.17,288.34,5.72,380,116
1.52PM,30,16,4,3,3,2/1M,480,3250,5760,0.56,108.33,216.67,2.16,370,112
1.07PM,17,9,3,3,3,1/1M,153,711.8,1377,0.51,41.87,83.74,NA,530,NA
1.05PM,18,15,3.2,3,3,2/1M,270,1725,2592,0.66,90.78,181.57,1.27,410,118
1.20PM,70,"10,11,12",3.2,2.8,3,NIL,782,2700,7007,0.39,38.57,77.14,5.21,350,123
1.20PM,45,10,3.2,2.8,3,1/1M,450,1750,4032,0.44,38.88,77.79,2.54,360,118
1.20PM,58,"7,8",3,2.5,3,NIL,370,1400,2775,0.5,24.14,48.28,2.54,380,118
1.21PM,60,"17,20,22",4,3,3,3/1M,1196,6275,14356.6,0.43,104.58,209.16,4.06,410,127
1.10PM,20,14,3.75,3.25,3,2/1M,280,1725,3412.5,0.5,86.25,172.5,NA,540,NA
1.10PM,7,"4,6",3.5,3,3,NIL,38,50,399,0.12,7.14,7.14,NA,570,NA
1.30PM,75,23,3.5,3,3,3/1M,1725,11275,18113,0.62,150.33,300.67,6.35,310,126
1.02PM,23,14,3.5,3,3,2/1M,322,1750,3381,0.51,76.8,152.17,1.91,470,112
5.12PM,49,"5,5.5",3,2.5,2.8,NIL,257.24,870,1929.37,0.45,16.66,33.56,4.19,240,112
1.09PM,43,"9,15",3.5,3,2.5,2/1M,519,3150,5449.5,0.57,73.25,146.51,1.91,410,120
5.14PM,32,18,3.6,3.2,3,2/1M,576,3650,6636,0.55,114.06,228.12,1.65,380,106
5.14PM,43,"18,25",3.6,3.2,3,1/2M,670,4850,7718,0.62,112.79,225.58,0.889,570,106
5.14PM,75,"6,7,8",3,2.5,3,NIL,420,1750,3150,0.55,23.33,46.67,1.4,340,106
1.08PM,30,10,3.5,3,3,1/1M,300,1650,3150,0.52,55,55,3.3,320,131
1.10PM,54,7,2.5,2.5,2.8,NIL,378,1575,2362.5,0.66,29.16,58.33,NA,NA,NA
1.20PM,16,18,3.6,3.2,3,2/1m,288,2150,3318,0.64,134.37,268.75,NA,NA,NA
1.21PM,60,6,3,2.5,3,NIL,360,1200,2700,0.45,20,40,NA,NA,NA
1.25PM,27,13,3.5,3,3,2/1M,351,1925,3685.5,0.52,71.29,142.59,NA,NA,NA
1.39PM,10,12,3.5,3,3,1/1.5M,120,725,1260,0.57,72.5,155,1.91,340,116
1.32PM,77,23,4,3,3,2/1m,1771,10075,21252,0.47,130.84,261.68,5.97,430,120
1.10PM,56,11,3.5,3,3,1/1M,616,3525,6468,0.54,62.94,125.94,NA,NA,NA
1.35PM,28,"6,3",2.5,2,2.5,NIL,108,233.34,540,0.43,15.73,31.47,NA,NA,NA
1.25PM,72,7.5,3,3,3,NIL,540,2500,4860,0.51,34.72,69.44,NA,NA,NA
1.21PM,70,7.5,3.5,3.2,3,NIL,560,3241.7,5880,0.55,46.31,92.62,2.79,340,125
1.22PM,24,7,3.5,3,3,NIL,168,800,1764,0.45,33.3,66.6,3.43,420,122
1.20PM,80,"7,7.5",3,2.5,3,NIL,590,2475,4425,0.55,30.93,61.86,6.99,280,124
1.20PM,30,"5,8",3,3,3,NIL,210,975,1890,0.51,32.5,65,1.02,420,106
1.11PM,36,15,3,2.7,3,2/1M,540,3000,4374,0.68,83.33,166.66,1.14,360,106
1.07PM,31,"5,6,8",3,3,3,NIL,189,750,1701,0.44,24.19,24.19,3.18,410,106
1.03PM,58,5.2 - 8.4,3,3,3,NIL,435,2175,3915,0.55,37.5,37.5,4.95,370,106
1.17PM,51,25,4.2,3.2,3,"3/1,2/1.5",1275,9225,17316,0.53,180.88,361.76,3.38,390,126
1.20PM,35,25,4.2,3.2,3,3/1m,875,5000,11760,0.42,142.85,285/75,NA,NA,NA
1.18PM,31,20,4,3,3,2/1M,800,5350,7440,0.71,172.58,345.16,NA,NA,NA
1.15PM,58,9.5,3,3,3,1/0.7M,551,2950,4959,0.59,50.86,101.72,NA,NA,NA
1.15PM,28,14,3.5,3,3,2/1m,392,1875,4116,0.45,66.96,133.92,NA,NA,NA
1.35PM,40,"6.5,7",3,3,2.5,NILL,263.5,1250,2371.5,0.52,31.25,62.5,NA,NA,NA
1.20PM,35,19,4,3,3,2/1m,665,4300,7890,0.53,122.85,245.7,NA,NA,NA
1.18PM,75,8,3,3,3,NILL,600,3000,5400,0.55,40,80,NA,NA,NA
1.05PM,33,"10,13",3,3,3,1/1m,393,2125,3537,0.6,64.39,128.78,NA,NA,NA
1.07PM,39,5,3,3,3,NILL,195,650,1755,0.37,16.66,33.33,NA,NA,NA
1.10PM,46,7.6,3.5,3,3,NILL,349.6,2075,3915.52,0.52,45.1,90.2,NA,NA,NA
1.07PM,52,"9,6",3,3,3,NILL,387,1925,3483,0.55,37.01,74.03,0.889,400,110
1.08PM,30,"10,11",3,3,3,1/1m,310,1575,2790,0.56,52.5,105,3.3,430,119
1.03PM,45,9,3,2.5,3,1/1m,405,1750,3075.5,0.57,38.88,77.77,2.16,400,123
1.10PM,19,12,3.5,3,3,1/1m,228,1675,2394,0.69,88.15,176.3,1.14,450,112
1.22PM,30,11,3,3,3,1/1m,330,1875,2970,0.63,62.5,125,1.78,430,114
1.29PM,18,8,3,2.5,3,NILL,144,750,1080,0.69,41.66,83.22,1.65,410,116
1.28PM,41,"8.5,10.5",3,3,3,1/0.8m,360.5,2200,3244.5,0.67,53.65,107.3,8.26,340,125
1.28PM,44,6,3,2.6,3,NILL,264,1250,2059.2,0.6,28.4,56.8,8.26,360,125
1.40PM,61,"9,10,11",3.1,2.8,3,1/1M,625,3500,5425,0.64,57.37,114.75,9.4,380,127
2.14PM,36,19,3.6,3.2,3,2/1.5M,684,5400,7879.68,0.68,150,300,7.11,380,124
2.13PM,22,24,4,3.3,3,2/1.5M,528,4400,6969.6,0.63,200,400,5.46,410,110
1.16PM,30,9,3.5,3,3,NILL,270,1700,2835,0.59,56.66,113.33,2.03,530,114
1.11PM,54,14,3.5,3,3,2/1M,756,4050,7938,0.5,75,150,2.41,400,116
1.15PM,30,20,3.6,3.2,3,2/1M,600,4700,6912,0.67,156.66,313.32,4.06,400,110
1.33PM,90,"20,23",4.2,3.2,3,3/1M,1815,12850,24393,0.52,142.77,285.55,7.87,300,124
1.29PM,51,"13,14",3.2,3,3,2/1M,702,3150,6739.2,0.46,61.76,123.52,8.51,370,133
1.13PM,35,"12.5,15",3.6,3.2,3,1/1.5M,490,2900,5644.8,0.51,75,150,1.52,460,106
1.13PM,61,"12,13",3.6,3.2,3,1/1M,774,4525,8916.48,0.5,74.18,148.36,13.3,390,130
1.13PM,40,"13,14",3.6,3.2,3,2/1M,532,3500,6128.64,0.57,87.5,175,7.75,380,126
1.17PM,38,"20,21,22",3.6,3.2,3,2/1M,805,5325,9273.6,0.57,140.13,280.26,6.35,370,124
1.12PM,25,"26,30",3.8,3.3,3,2/1.5M,674,5125,8451.96,0.59,205,410,7.11,450,121
1.10PM,54,"8,9",3,2.5,3,1/0.8M,472,2275,3540,0.64,42.12,84.25,NA,620,NA
1.12PM,21,"4.5,5",3,3,2.8,NILL,95.5,425,859.5,0.49,20.23,40.47,NA,600,NA
1.14PM,43,"2,3,4,6,7,8",3,2.8,2.8,NILL,233,700,1957.2,0.35,16.27,32.55,NA,580,NA
1.46PM,34,9,3,3,3,NILL,306,1561.11,2754,0.56,45.9,91.8,1.14,430,106
1.47PM,23,8,3.5,3,3,NILL,184,874.92,1932,0.45,38.04,76.08,1.02,400,116
1.16PM,20,15,3.6,3.2,3,2/1M,300,1875,3456,0.54,93.75,187.5,1.52,450,110
1.06PM,16,"4,5",2.5,2.5,2.8,NILL,64,150,400,0.37,9.41,18.82,3.18,240,125
1.09PM,131,"6,7,8,9",3.2,2.8,3,NILL,826,2900,5465,0.53,22.13,44.27,1.14,590,106
1.36PM,33,"21,22,23",3.8,3.2,3,3/1M,714.78,5500,8691.72,0.63,166.66,166.66,7.49,510,110
1.10PM,27,7.5,3.5,3,3,1/0.5M,202.5,1125,2126.25,0.52,41.66,83.32,0.762,510,100
1.34PM,87,"14,15.5",3.6,3.2,3,2/1M,1312.5,7600,15120,0.5,87.35,174.7,5.08,390,110
1.06PM,47,"8,10,12,14",3.75,3.25,3,2/1M,586,3450,7141.8,0.48,73.4,146.8,1.27,440,116
1.06PM,20,15,3.75,3.25,3,2/1M,300,1800,3656.25,0.49,90,180,1.27,470,116
1.16PM,21,15,3.6,3.2,3,2/1M,315,2150,3402,0.63,102.34,204.76,0.508,470,110
1.10PM,31,5,2.8,2.5,2.8,NILL,155,625,1085,0.57,20.16,40.32,3.43,410,119
1.04PM,58,"8.3,10",3,3,3,1/1M,506.9,2175,4562.1,0.47,37.5,75,5.21,470,125
1.17PM,33,"19,21",3.6,3.2,3,3/1M,685,4375,7891.2,0.55,132.57,265.14,6.35,430,122
1.38PM,53,"14,16",3.5,3,3,2/1.2M,782,5000,8211,0.6,94.34,188.68,3.81,480,112
1.39PM,43,"14,15",3.6,3.2,3,2/1M,628,3600,7234.56,0.49,83.72,167.44,2.54,380,116
1.40PM,53,"21,22",3.6,3.2,3,3/1M,1149.04,7225,13236.94,0.54,136.32,272.64,7.75,360,120
1.37PM,44,"6,7,9",3.5,3,2.8,NILL,306,1700,3213,0.52,38.63,77.27,3.56,510,116
1.40PM,19,10,4,4,3,1/1M,190,1109.22,2280,0.48,58.38,116.76,7.75,330,120
1.12PM,27,"9.5,10",3.5,3,3,1/1M,259.5,1275,2724.75,0.46,47.22,94.44,1.78,530,100
1.16PM,43,"5,6.5",3,2.5,3,NILL,228.5,925,1713.75,0.53,21.51,43.02,0.635,430,110
1.11PM,38,8,3,2.5,3,nill,304,1400,2280,0.61,36.84,73.68,4.7,370,124
1.10PM,14,"9,10",3.5,3,3,1/1m,132,750,1386,0.54,53.37,53.37,NA,NA,NA
1.12PM,23,15,3.2,3,3,2/1M,345,2275,3312,0.68,98.91,197.82,NA,NA,NA
1.15PM,30,"8.5,10",3.5,3,3,"1/1M,1/0.5M",276,1600,2898,0.55,53.33,106.6,2.79,430,110
5.35PM,40,24.5,3.8,3,3,3/1M,980,6700,11172,0.59,167.5,167.5,5.08,310,122
5.34PM,34,"17,18",3.6,3.2,3,2/1M,588,4275,6773.76,0.63,125.73,251.46,5.72,360,127
1.21PM,34,"17,18,19",3.6,3.2,3,3/1M,575,3825,6624,0.57,112.5,225,3.18,410,117
1.10PM,37,"5,6",3,2.5,3,NILL,199,750,1492.5,0.5,20.27,40.54,0.635,450,100
1.16PM,23,12,3.2,3,3,2/1M,276,1750,2649.6,0.66,76.08,152.16,3.18,350,100
5.5PM,36,6,3,3,3,NILL,216,1025,1944,0.52,28.47,56.94,1.4,420,110
1.17PM,36,"12,15",3.6,3.2,3,"1/1.5,2/1M",513,3225,5910,0.53,89.58,179.16,27.4,150,119
4.57PM,19,12,4,3,3,1/1M,228,1250,2736,0.45,65.78,131.56,3.18,330,125
5.4PM,34,"5,7",3.2,2.5,3,NILL,220,1050,1737,0.6,30.88,30.88,1.14,350,121
1.15PM,54,9,3,3,3,1/1M,486,2325,4374,0.53,43.05,86.1,2.79,200,116
5.00PM,21,25,4,3.5,3,"1.5/2M,1/1M",525,3300,7350,0.44,157.14,314.28,5.72,340,135
4.59PM,23,20,3.6,3.2,3,2/1.5M,460,3150,5299.2,0.59,136.95,273.9,1.27,380,100
5.24PM,20,20,3.6,3.2,3,2/1M,400,2500,4608,0.54,125,250,3.94,300,120
4.49PM,53,15,3.6,3.2,3,2/1M,795,4950,9158.4,0.54,93.39,186.78,3.18,400,106
5.21PM,45,"9,10",3.5,3,3,1/1m,426,2625,4473,0.58,58.33,116.66,9.4,280,128
5.23PM,24,8,3.5,3,3,NILL,192,1250,2016,0.62,52.08,104.16,13.7,230,131
5.23PM,9,5,2.8,2.5,3,NIL,45,125,315,0.39,13.88,13.88,13.7,235,131
1.19PM,18,18.5,3.6,3.2,3,2/1M,333,2175,3836,0.56,120.84,241.68,4.32,360,128
1.16PM,59,"3,5,8,10,12,13",3,3,3,1/1m,593,2264,5337,0.42,38.88,77.76,3.18,370,120
1.15pm,40,"7.5,9",3,3,3,NILL,354,1700,3186,0.53,42.5,85,3.68,360,116
1.17pm,47,"7,9,10,11,12",3.25,2.75,3,"10/1,11/1,12/1m",375,2375,4048,0.58,50,100,3.05,380,123
1.35PM,14,19,3.6,3.2,3,2/1m,380,2100,3064.32,0.68,150,300,2.16,395,118
1.19pm,25,"8.5,10",3.5,3,3,1m,238,1350,2499,0.54,54,54,6.73,280,122
1.08PM,17,15,3,3,4,1/1m,255,1335.3,2295,0.58,78.42,78.42,NA,NA,NA
1.18pm,30,9,3.5,3,3,1/1m,270,1575,2835,0.55,52.5,105,2.54,370,106
1.25pm,68,25,4,3.2,3,3/1m,1700,13386.67,21760,0.61,196.86,196.86,1.4,470,106
1.16PM,20,5,3,2.5,3,NILL,100,463.33,750,0.61,23.16,46.33,NA,NA,NA
1.20PM,32,18,4,3.5,3,2/1M,576,3250,8064,0.4,101.56,101.56,NA,NA,NA
1.15PM,49,"6,7",2,2,3,NILL,336,1125,1344,0.83,22.95,45.9,5.08,360,106
1.14PM,32,13.5,3.3,3.1,3,1/1m,432,2375,4419.36,0.53,74.21,148.43,1.65,390,100
1.14pm,25,"11.5,11.7",3.5,3,3,1m,287.5,1350,3018.75,0.44,54,108,0.88,440,106
1.08PM,20,12,3.5,3,3,1/1.5m,240,1250,2520,0.49,62.5,125,2.16,420,106
1.01PM,20,"9.2, 12.5",3.5,3,3,1/1m,233.5,1250,2451.75,0.5,62.5,125,2.92,480,106
1.21PM,13,25,4,3.5,3,"2/1.5m, 1/1m",325,1813.18,4550,0.39,139.52,270.05,2.16,600,106
1.27PM,37,6,3,2.8,3,NILL,222,950,1864.8,0.5,25.67,51.34,1.91,370,120
1.28PM,46,"13,14,15",3.8,3.4,3,2/1m,656,3700,8475.52,0.43,80.93,160.86,1.78,350,116
1.36PM,41,20,3.6,3.2,3,3/1m,820,5850,9446.4,0.61,142.68,285.36,2.41,390,124
1.13PM,60,"6,7,8,9,10",3,3,3,1/1m,436,2211.12,3924,0.56,36.83,73.7,2.54,410,118
1.27PM,33,6,3.2,2.8,2,NILL,198,925,1774.08,0.52,28.03,56.06,1.14,460,125
1.27PM,22,9,3,3,3,NILL,198,1250,2079,0.6,56.81,113.62,1.14,440,125
1.17PM,27,12,3.5,3,3,1/1m,324,1850,3402,0.53,68.51,137.02,1.27,570,126
1.06PM,46,7,3,2.5,3,NILL,322,1500,2415,0.62,32.6,65.2,5.84,350,106
1.20PM,36,11,3,3,3,1/1.5M,396,2050,3564,0.57,56.94,113.88,4.45,385,106
1.18PM,28,"5,6,7,12",2.5,3,3,1/1M,199.5,1050,1676.25,0.62,37.5,75,1.4,410,106
1.10PM,33,15,3.1,3.1,3,2/1M,495,2500,4756.95,0.5,75.75,151.51,NA,NA,NA
1.17PM,18,12,3.5,3,3,1/1.5M,216,1150,2268,0.5,63.88,63.88,1.78,430,127
1.09PM,38,"10,11,12",3.5,3,3,1/1M,424,2675,4452,0.6,70.39,140.78,15.2,320,124
1.11PM,33,"11,12",3.2,2.8,3,1/1M,391,2575,3503.36,0.73,78.03,156.06,9.14,340,116
1.10PM,42,7,3,2.8,3,NILL,294,1625,2469.6,0.65,38.69,77.38,2.03,380,106
1.16PM,36,7.5,3,2.8,3,NILL,270,1425,2268,0.62,39.58,79.16,12.6,310,120
1.04PM,40,"22,24",4,3,3,3/1M,896,6250,10752,0.58,156.25,312.5,10,320,126
1.04PM,50,7.5,3,2.8,3,NILL,375,1900,3150,0.6,38,76,6.6,360,116
1.12PM,8,5.5,3.5,3,2.5,NILL,44,200,462,0.43,25,50,NA,NA,NA
1.16PM,47,7.5,3,2.8,2.5,1/0.8M,352.5,1950,2961,0.65,41.48,82.96,NA,NA,NA
1.11PM,44,20,4,3,3,2/1M,880,6375,10560,0.6,144.88,144.88,1.27,360,120
1.11PM,27,9,3.5,3,3,NILL,243,1500,2551,0.58,55.55,111,15.6,280,125
1.10PM,36,"4,5,6",2.8,2.5,2.5,NILL,197.1,1050,1379.7,0.76,29.16,58.33,10.8,410,120
1.09PM,62,7,3.2,2.8,2.7,1/0.8m,434,2250,3888.64,0.57,36.29,72.5,3.68,390,106
1.10PM,59,7,3,2.8,3,NILL,413,2275,3469.2,0.65,38.55,77.1,6.22,340,106
5.07PM,56,7,3,2.8,2.6,1/0.8m,392,2183.34,3292.8,0.66,38.98,77.96,1.27,380,116
5.30PM,8,3,2,2,2.5,NILL,24,41.66,96,0.43,5.2,10.4,NA,450,NA
5.08PM,59,4.5,2.5,2,2.5,NILL,265.5,900,1327.5,0.67,15.25,30.5,5.97,360,134
1.32PM,42,"12, 13, 14",3.5,3,3,2/1.2m,556,3575,5838,0.61,85.11,170.22,1.02,430,120
1.19PM,49,9,3,3,3,1/0.8m,441,2650,3969,0.66,54.08,108.16,9.91,290,123
1.31PM,45,14,3.3,3.1,3,2/1m,630,4100,6444.9,0.63,91.11,182.22,2.54,410,116
1.05PM,123,10.5,3.5,3,3,1/1m,1291.5,7050,13560.75,0.51,57.31,114.62,4.32,420,106
1.32PM,41,25,4,3,3,4/1m,1025,7500,12300,0.6,182.92,182.92,7.37,370,129
1.06PM,92,"8, 9.5",3.2,2.8,3,NILL,844,3825,7562.24,0.54,44.82,89.64,4.45,380,112
1.08PM,36,"12, 13, 14, 15",3.5,3,3,1/1.5m,459,2550,4819.5,0.52,70.83,70.83,6.1,360,128
1.09PM,25,16,3.3,3.1,3,2/1`m,400,2525,4092,0.61,101,101,4.7,410,106
1.23PM,48,"25, 26",3.8,3.2,3,3/1m,1216,9000,14786.56,0.6,187.5,187.5,7.49,440,118
1.40PM,50,"20, 20.5",3.6,3.2,3,NILL,1011.6,5750,11653.63,0.49,115,230,3.3,420,129
1.37PM,88,6.5,3,2.8,3,NILL,572,2925,4804.8,0.6,33.23,66.46,10.7,340,125
1.38PM,30,"5, 7, 8, 9",3,2.8,3,NILL,207,900,1738.8,0.54,30,60,4.06,330,120
1.04PM,42,10,3,2.8,3,1/1m,420,2325,3528,0.65,55.35,110.71,2.41,530,106
1.30PM,24,9.5,3.5,3,2.5,1/1.5m,228,1250,2394,0.52,52,104,1.65,380,106
1.29PM,69,9.5,3,2.8,3,NILL,655.5,3250,5506.2,0.59,47.1,94.2,5.84,380,120
1.30PM,81,8.5,3,2.8,3,1/1m,688.5,3750,5783.4,0.64,46.29,92.58,1.65,360,106
1.55PM,262,"9, 12",1,0.6,2.5,NILL,2882,15720,60500,0.25,60,540,NA,NA,NA
1.30PM,24,11,3,3,3,1/1m,264,1513.9,2376,0.63,63.07,63.07,5.84,205,122
1.37PM,42,"13.5,16.5",3.3,3.1,2.8,NILL,651,3325,6659.73,0.49,79.16,158.33,1.27,380,106
1.19PM,107,"7, 7.5",3,2.8,3,NILL,779.5,4425,6547.8,0.67,41.35,82.7,15.7,310,110
1.21PM,31,6,3.3,2.8,2.8,NILL,186,775,1718.64,0.45,25,50,1.78,340,126
1.10PM,34,"11,12",3.5,3,3,1/1m,381,2050,4000,0.51,60.29,120.5,NA,NA,NA
1.12PM,28,"7,7.5",3.2,2.5,2.8,NILL,197.5,991.68,1580,0.62,35.41,70.82,NA,NA,NA
1.15PM,50,7,3.2,3,3,NILL,350,1925,3360,0.57,38.5,77,NA,NA,NA
1.20PM,29,"4,6",2.8,2.5,3,NILL,162,500,1134,0.44,17.24,34.48,NA,NA,NA
1.21PM,56,"12,13,15",3.5,3,3,"1/1.5m, 2/1m",698,3900,7329,0.53,69.64,139.28,4.57,390,116
1.14PM,70,"6,7",3,2.5,3,NILL,480,2500,3600,0.69,35.71,71.42,17.8,340,127
1.21PM,37,"9,12",3.5,3,3,1/1m,417,2600,4378.5,0.59,69.81,139.63,3.81,410,120
1.16PM,40,"5,7",3.2,2.8,3,NILL,264,1375,2365.44,0.58,34.37,68.75,7.11,310,123
1.05PM,18,"9,10",3,3,3,1/1m,168,925,1512,0.61,51.38,102.76,NA,660,NA
1.42PM,61,20.5,3.5,3.3,3,2/1m,1250.5,7775,14443.275,0.53,127.45,254.9,4.32,410,124
1.29PM,110,"7,8",2.8,3.1,3,NILL,700,4400,6944,0.63,40,80,12.7,340,129
1.10PM,18,"10,11",3,3,3,1/1m,188,900,1692,0.53,50,100,NA,660,NILL
1.32PM,45,25,3.8,3.2,3,1/3M,1125,7450,13680,0.54,165.55,331.11,7.11,390,130
1.12PM,57,"11,12",3.2,2.8,3,1/1M,662,3300,5931.52,0.55,57.89,115.78,4.95,410,122
1.11PM,90,"5,6,9,7",3.2,2.8,2.8,NILL,722,2650,6469.12,0.4,29.44,58.88,11.6,280,126
1.17PM,29,"20,25",3.8,3.2,3,3/1M,675,3550,8208,0.43,122.41,122.41,2.54,450,112
1.16PM,29,"4,10",2.8,2.8,2.5,1/1m,218,975,1764,0.55,33.62,67.24,1.52,440,118
1.10PM,27,10,3.5,3,3,1/1m,270,1500,2835,0.52,55.55,111.1,6.48,260,124
1.20PM,16,"6.5,8.5",3,2.8,3,1/1M,128,500,1075.2,0.46,31.25,62.5,NA,460,NA
1.20PM,17,5,2.8,2.5,3,NILL,85,300,595,0.5,17.64,35.28,NA,480,NA
1.25PM,45,1`0.5,3.2,2.5,3,1/1m,472.5,2735.42,3780,0.72,54.21,108.42,NA,NA,NA
1.04PM,20,12,3.5,3,3,2/1m,240,1250,2520,0.49,62.5,125,2.16,420,106
1.12PM,20,11.675,3.5,3,3,NILL,233.5,1250,2451.75,0.5,62.5,125,2.92,480,106
1.16PM,13,25,4,3.5,3,2/1m,325,1813.18,4550,0.39,139.52,270.05,2.16,600,106
1.11PM,37,6,3,2.8,3,NILL,222,950,1864.8,0.5,25.67,51.34,1.91,370,120
1.11PM,46,14.26086957,3.8,3.4,3,1/1m,656,3700,8475.52,0.43,80.93,160.86,1.78,350,116
1.10PM,41,20,3.6,3.2,3,NILL,820,5850,9446.4,0.61,142.68,285.36,2.41,390,124
1.09PM,60,7.266666667,3,3,3,NILL,436,2211.12,3924,0.56,36.83,73.7,2.54,410,118
1.10PM,33,6,3.2,2.8,2,NILL,198,925,1774.08,0.52,28.03,56.06,1.14,460,125
5.07PM,22,9,3,3,3,1/1m,198,1250,2079,0.6,56.81,113.62,1.14,440,125
5.30PM,27,12,3.5,3,3,1/1m,324,1850,3402,0.53,68.51,137.02,1.27,570,126
5.08PM,46,7,3,2.5,3,1/1m,322,1500,2415,0.62,32.6,65.2,5.84,350,106
1.32PM,36,11,3,3,3,1/1m,396,2050,3564,0.57,56.94,113.88,4.45,385,106
1.19PM,28,7.125,3.5,3.5,3,NILL,199.5,1050,1676.25,0.62,37.5,75,1.4,410,106
1.31PM,33,15,3.1,3.1,3,1/0.8m,495,2500,4756.95,0.5,75.75,151.51,NA,NA,NA
1.05PM,18,12,3.5,3,3,NILL,216,1150,2268,0.5,63.88,63.88,1.78,430,127
1.32PM,38,11.15789474,3.5,3,3,1/1M,424,2675,4452,0.6,70.39,140.78,15.2,320,124
1.06PM,33,11.84848485,3.2,2.8,3,2/1.5M,391,2575,3503.36,0.73,78.03,156.06,9.14,340,116
1.08PM,42,7,3,2.8,3,2/1.5M,294,1625,2469.6,0.65,38.69,77.38,2.03,380,106
1.04PM,36,7.5,3,2.8,3,NILL,270,1425,2268,0.62,39.58,79.16,12.6,310,120
1.04PM,40,22.4,4,3,3,2/1M,896,6250,10752,0.58,156.25,312.5,10,320,126
1.12PM,50,7.5,3,2.8,3,2/1M,375,1900,3150,0.6,38,76,6.6,360,116
1.16PM,8,5.5,3.5,3,2.5,3/1M,44,200,462,0.43,25,50,NA,NA,NA
1.11PM,47,7.5,3,2.8,2.5,2/1M,352.5,1950,2961,0.65,41.48,82.96,NA,NA,NA
1.11PM,44,20,4,3,3,1/1.5M,880,6375,10560,0.6,144.88,144.88,1.27,360,120
1.10PM,27,9,3.5,3,3,1/1M,243,1500,2551,0.58,55.55,111,15.6,280,125
1.09PM,36,5.475,2.8,2.5,2.5,2/1M,197.1,1050,1379.7,0.76,29.16,58.33,10.8,410,120
1.10PM,62,7,3.2,2.8,2.7,2/1M,434,2250,3888.64,0.57,36.29,72.5,3.68,390,106
5.07PM,59,7,3,2.8,3,2/1.5M,413,2275,3469.2,0.65,38.55,77.1,6.22,340,106
5.30PM,56,7,3,2.8,2.6,1/0.8M,392,2183.34,3292.8,0.66,38.98,77.96,1.27,380,116
5.08PM,8,3,2,2,2.5,NILL,24,41.66,96,0.43,5.2,10.4,NA,450,NA
1.32PM,59,4.5,2.5,2,2.5,NILL,265.5,900,1327.5,0.67,15.25,30.5,5.97,360,134
1.19PM,42,13.23809524,3.5,3,3,NILL,556,3575,5838,0.61,85.11,170.22,1.02,430,120
1.31PM,49,9,3,3,3,NILL,441,2650,3969,0.66,54.08,108.16,9.91,290,123
1.05PM,45,14,3.3,3.1,3,2/1M,630,4100,6444.9,0.63,91.11,182.22,2.54,410,116
1.32PM,123,10.5,3.5,3,3,NILL,1291.5,7050,13560.75,0.51,57.31,114.62,4.32,420,106
1.06PM,41,25,4,3,3,NILL,1025,7500,12300,0.6,182.92,182.92,7.37,370,129
1.08PM,92,9.173913043,3.2,2.8,3,3/1M,844,3825,7562.24,0.54,44.82,89.64,4.45,380,112
1.04PM,36,12.75,3.5,3,3,1/0.5M,459,2550,4819.5,0.52,70.83,70.83,6.1,360,128
1.04PM,25,16,3.3,3.1,3,2/1M,400,2525,4092,0.61,101,101,4.7,410,106
1.12PM,48,25.33333333,3.8,3.2,3,2/1.5M,1216,9000,14786.56,0.6,187.5,187.5,7.49,440,118
1.16PM,50,20.232,3.6,3.2,3,1/0.8M,1011.6,5750,11653.63,0.49,115,230,3.3,420,129
1.11PM,88,6.5,3,2.8,3,NILL,572,2925,4804.8,0.6,33.23,66.46,10.7,340,125
1.11PM,30,6.9,3,2.8,3,NILL,207,900,1738.8,0.54,30,60,4.06,330,120
1.10PM,42,10,3,2.8,3,NILL,420,2325,3528,0.65,55.35,110.71,2.41,530,106
1.09PM,24,9.5,3.5,3,2.5,NILL,228,1250,2394,0.52,52,104,1.65,380,106
1.10PM,69,9.5,3,2.8,3,2/1M,655.5,3250,5506.2,0.59,47.1,94.2,5.84,380,120
5.07PM,81,8.5,3,2.8,3,NILL,688.5,3750,5783.4,0.64,46.29,92.58,1.65,360,106
5.30PM,262,11,1,0.6,2.5,NILL,2882,15720,60500,0.25,60,540,NA,NA,NA
5.08PM,24,11,3,3,3,3/1M,264,1513.9,2376,0.63,63.07,63.07,5.84,205,122
1.32PM,42,15.5,3.3,3.1,2.8,1/0.5M,651,3325,6659.73,0.49,79.16,158.33,1.27,380,106
1.19PM,107,7.285046729,3,2.8,3,2/1M,779.5,4425,6547.8,0.67,41.35,82.7,15.7,310,110
1.31PM,31,6,3.3,2.8,2.8,2/1.5M,186,775,1718.64,0.45,25,50,1.78,340,126
1.05PM,34,11.20588235,3.5,3,3,1/0.8M,381,2050,4000,0.51,60.29,120.5,NA,NA,NA
1.32PM,28,7.053571429,3.2,2.5,2.8,NILL,197.5,991.68,1580,0.62,35.41,70.82,NA,NA,NA
1.06PM,50,7,3.2,3,3,NILL,350,1925,3360,0.57,38.5,77,NA,NA,NA
1.08PM,29,5.586206897,2.8,2.5,3,NILL,162,500,1134,0.44,17.24,34.48,NA,NA,NA
1.04PM,56,12.46428571,3.5,3,3,NILL,698,3900,7329,0.53,69.64,139.28,4.57,390,116
1.04PM,70,6.857142857,3,2.5,3,2/1M,480,2500,3600,0.69,35.71,71.42,17.8,340,127
1.12PM,37,11.27027027,3.5,3,3,NILL,417,2600,4378.5,0.59,69.81,139.63,3.81,410,120
1.16PM,40,6.6,3.2,2.8,3,NILL,264,1375,2365.44,0.58,34.37,68.75,7.11,310,123
1.11PM,18,9.333333333,3,3,3,3/1M,168,925,1512,0.61,51.38,102.76,NA,660,NA
1.11PM,61,20.5,3.5,3.3,3,1/0.5M,1250.5,7775,14443.275,0.53,127.45,254.9,4.32,410,124
1.10PM,110,6.363636364,2.8,3.1,3,2/1M,700,4400,6944,0.63,40,80,12.7,340,129
1.09PM,18,10.44444444,3,3,3,2/1.5M,188,900,1692,0.53,50,100,NA,660,NILL
1.10PM,45,25,3.8,3.2,3,1/0.8M,1125,7450,13680,0.54,165.55,331.11,7.11,390,130
5.07PM,57,11.61403509,3.2,2.8,3,NILL,662,3300,5931.52,0.55,57.89,115.78,4.95,410,122
5.30PM,90,8.022222222,3.2,2.8,2.8,NILL,722,2650,6469.12,0.4,29.44,58.88,11.6,280,126
5.08PM,29,23.27586207,3.8,3.2,3,NILL,675,3550,8208,0.43,122.41,122.41,2.54,450,112
1.32PM,29,7.517241379,3,3,2.5,NILL,218,975,1764,0.55,33.62,67.24,1.52,440,118
1.19PM,27,10,3.5,3,3,2/1M,270,1500,2835,0.52,55.55,111.1,6.48,260,124
1.15PM,28,14,3.5,3,3,3/1M,392,3300.701053,4116,0.45,66.96,133.92,NA,NA,NA
1.35PM,40,"6.5,7",3,3,2.5,1/0.5M,263.5,3355.688391,2371.5,0.52,31.25,62.5,NA,NA,NA
1.20PM,35,19,4,3,3,2/1M,665,3410.675729,7890,0.53,122.85,245.7,NA,NA,NA
1.18PM,75,8,3,3,3,2/1.5M,600,3465.663068,5400,0.55,40,80,NA,NA,NA
1.05PM,33,"10,13",3,3,3,1/0.8M,393,3520.650406,3537,0.6,64.39,128.78,NA,NA,NA
1.07PM,39,5,3,3,3,NILL,195,3575.637744,1755,0.37,16.66,33.33,NA,NA,NA
1.10PM,46,7.6,3.5,3,3,NILL,349.6,3630.625083,3915.52,0.52,45.1,90.2,NA,NA,NA
1.07PM,52,"9,6",3,3,3,NILL,387,3685.612421,3483,0.55,37.01,74.03,400,0.889,NA
1.08PM,30,"10,11",3,3,3,NILL,310,3740.599759,2790,0.56,52.5,105,430,3.3,NA
1.03PM,45,9,3,2.5,3,2/1M,405,3795.587098,3075.5,0.57,38.88,77.77,400,2.16,NA
1.10PM,19,12,3.5,3,3,3/1M,228,3850.574436,2394,0.69,88.15,176.3,450,1.14,NA
1.22PM,30,11,3,3,3,1/0.5M,330,3905.561774,2970,0.63,62.5,125,430,1.78,NA
1.29PM,18,8,3,2.5,3,2/1M,144,3960.549113,1080,0.69,41.66,83.22,410,1.65,NA
1.28PM,41,"8.5,10.5",3,3,3,2/1.5M,360.5,4015.536451,3244.5,0.67,53.65,107.3,340,8.26,NA
1.28PM,44,6,3,2.6,3,1/0.8M,264,4070.523789,2059.2,0.6,28.4,56.8,360,8.26,NA
1.40PM,61,"9,10,11",3.1,2.8,3,NILL,625,4125.511128,5425,0.64,57.37,114.75,380,9.4,NA
2.14PM,36,19,3.6,3.2,3,NILL,684,4180.498466,7879.68,0.68,150,300,380,7.11,NA
2.13PM,22,24,4,3.3,3,NILL,528,4235.485805,6969.6,0.63,200,400,410,5.46,NA
1.16PM,30,9,3.5,3,3,NILL,270,4290.473143,2835,0.59,56.66,113.33,530,2.03,NA
1.11PM,54,14,3.5,3,3,2/1M,756,4345.460481,7938,0.5,75,150,400,2.41,NA
1.15PM,30,20,3.6,3.2,3,3/1M,600,4400.44782,6912,0.67,156.66,313.32,400,4.06,NA
1.33PM,90,"20,23",4.2,3.2,3,1/0.5M,1815,4455.435158,24393,0.52,142.77,285.55,300,7.87,NA
1.29PM,51,"13,14",3.2,3,3,2/1M,702,4510.422496,6739.2,0.46,61.76,123.52,370,8.51,NA
1.13PM,35,"12.5,15",3.6,3.2,3,2/1.5M,490,4565.409835,5644.8,0.51,75,150,460,1.52,NA
1.13PM,61,"12,13",3.6,3.2,3,1/0.8M,774,4620.397173,8916.48,0.5,74.18,148.36,390,13.3,NA
1.13PM,40,"13,14",3.6,3.2,3,NILL,532,4675.384511,6128.64,0.57,87.5,175,380,7.75,NA
1.17PM,38,"20,21,22",3.6,3.2,3,NILL,805,4730.37185,9273.6,0.57,140.13,280.26,370,6.35,NA
1.12PM,25,"26,30",3.8,3.3,3,NILL,674,4785.359188,8451.96,0.59,205,410,450,7.11,NA
1.10PM,54,"8,9",3,2.5,3,NILL,472,4840.346526,3540,0.64,42.12,84.25,620,NA,NA
1.12PM,21,"4.5,5",3,3,2.8,2/1M,95.5,4895.333865,859.5,0.49,20.23,40.47,600,NA,NA
1.14PM,43,"2,3,4,6,7,8",3,2.8,2.8,3/1M,233,4950.321203,1957.2,0.35,16.27,32.55,580,NA,NA
1.46PM,34,9,3,3,3,1/0.5M,306,5005.308541,2754,0.56,45.9,91.8,430,1.14,NA
1.47PM,23,8,3.5,3,3,2/1M,184,5060.29588,1932,0.45,38.04,76.08,400,1.02,NA
1.16PM,20,15,3.6,3.2,3,2/1.5M,300,5115.283218,3456,0.54,93.75,187.5,450,1.52,NA
1.06PM,16,"4,5",2.5,2.5,2.8,1/0.8M,64,5170.270556,400,0.37,9.41,18.82,240,3.18,NA
1.09PM,131,"6,7,8,9",3.2,2.8,3,NILL,826,5225.257895,5465,0.53,22.13,44.27,590,1.14,NA
1.36PM,33,"21,22,23",3.8,3.2,3,NILL,714714.78,5280.245233,8691.72,0.63,166.66,166.66,510,7.49,NA
1.10PM,27,7.5,3.5,3,3,NILL,202.5,5335.232571,2126.25,0.52,41.66,83.32,510,0.762,NA
1.34PM,87,"14,15.5",3.6,3.2,3,NILL,1312.5,5390.21991,15120,0.5,87.35,174.7,390,5.08,NA
1.06PM,47,"8,10,12,14",3.75,3.25,3,2/1M,586,5445.207248,7141.8,0.48,73.4,146.8,440,1.27,NA
1.06PM,20,15,3.75,3.25,3,3/1M,300,5500.194586,3656.25,0.49,90,180,470,1.27,NA
1.16PM,21,15,3.6,3.2,3,1/0.5M,315,5555.181925,3402,0.63,102.34,204.76,470,0.508,NA
1.10PM,31,5,2.8,2.5,2.8,2/1M,155,5610.169263,1085,0.57,20.16,40.32,410,3.43,NA
1.04PM,58,"8.3,10",3,3,3,2/1.5M,506.9,5665.156602,4562.1,0.47,37.5,75,470,5.21,NA
1.17PM,33,"19,21",3.6,3.2,3,1/0.8M,685,5720.14394,7891.2,0.55,132.57,265.14,430,6.35,NA
1.38PM,53,"14,16",3.5,3,3,NILL,782,5775.131278,8211,0.6,94.34,188.68,480,3.81,NA
1.39PM,43,"14,15",3.6,3.2,3,NILL,628,5830.118617,7234.56,0.49,83.72,167.44,380,2.54,NA
1.40PM,53,"21,22",3.6,3.2,3,NILL,1149.04,5885.105955,13236.94,0.54,136.32,272.64,360,7.75,NA
1.37PM,44,"6,7,9",3.5,3,2.8,NILL,306,5940.093293,3213,0.52,38.63,77.27,510,3.56,NA
1.40PM,19,10,4,4,3,2/1M,190,5995.080632,2280,0.48,58.38,116.76,330,7.75,NA
1.12PM,27,"9.5,10",3.5,3,3,3/1M,259.5,6050.06797,2724.75,0.46,47.22,94.44,530,1.78,NA
1.16PM,43,"5,6.5",3,2.5,3,1/0.5M,228.5,6105.055308,1713.75,0.53,21.51,43.02,430,0.635,NA
1.11PM,38,8,3,2.5,3,2/1M,304,6160.042647,2280,0.61,36.84,73.68,370,4.7,NA
1.10PM,14,"9,10",3.5,3,3,2/1.5M,132,6215.029985,1386,0.54,53.37,53.37,NA,NA,NA
1.12PM,23,15,3.2,3,3,1/0.8M,345,6270.017323,3312,0.68,98.91,197.82,NA,NA,NA
1.15PM,30,"8.5,10",3.5,3,3,NILL,276,6325.004662,2898,0.55,53.33,106.6,430,2.79,NA
5.35PM,40,24.5,3.8,3,3,NILL,980,6379.992,11172,0.59,167.5,167.5,310,5.08,NA
5.34PM,34,"17,18",3.6,3.2,3,NILL,588,6434.979338,6773.76,0.63,125.73,251.46,360,5.72,NA
1.21PM,34,"17,18,19",3.6,3.2,3,NILL,575,6489.966677,6624,0.57,112.5,225,410,3.18,NA
1.10PM,37,"5,6",3,2.5,3,2/1M,199,6544.954015,1492.5,0.5,20.27,40.54,450,0.635,NA
1.16PM,23,12,3.2,3,3,3/1M,276,6599.941353,2649.6,0.66,76.08,152.16,350,3.18,NA
5.5PM,36,6,3,3,3,1/0.5M,216,6654.928692,1944,0.52,28.47,56.94,420,1.4,NA
1.17PM,36,"12,15",3.6,3.2,3,2/1M,513,6709.91603,5910,0.53,89.58,179.16,150,27.4,NA
4.57PM,19,12,4,3,3,2/1.5M,228,6764.903368,2736,0.45,65.78,131.56,330,3.18,NA
5.4PM,34,"5,7",3.2,2.5,3,1/0.8M,220,6819.890707,1737,0.6,30.88,30.88,350,1.14,NA
1.15PM,54,9,3,3,3,NILL,486,6874.878045,4374,0.53,43.05,86.1,200,2.79,NA
5.00PM,21,25,4,3.5,3,NILL,525,6929.865383,7350,0.44,157.14,314.28,340,5.72,NA
4.59PM,23,20,3.6,3.2,3,NILL,460,6984.852722,5299.2,0.59,136.95,273.9,380,1.27,NA
5.24PM,20,20,3.6,3.2,3,NILL,400,7039.84006,4608,0.54,125,250,300,3.94,NA
4.49PM,53,15,3.6,3.2,3,2/1M,795,7094.827398,9158.4,0.54,93.39,186.78,400,3.18,NA
5.21PM,45,"9,10",3.5,3,3,3/1M,426,7149.814737,4473,0.58,58.33,116.66,280,9.4,NA
5.23PM,24,8,3.5,3,3,1/0.5M,192,7204.802075,2016,0.62,52.08,104.16,230,13.7,NA
5.23PM,9,5,2.8,2.5,3,2/1M,45,7259.789414,315,0.39,13.88,13.88,235,13.7,NA
